customer_id,first_name,last_name,email,phone,city,state,country,segment,age,registration_date
1,Claire,Gute,claire.gute20@gmail.com,+16402387665,Henderson,Kentucky,United States,Consumer,42,2016-07-18
2,Darrin,Van Huff,darrin.vanhuff45@gmail.com,+14536146025,Los Angeles,California,United States,Corporate,27,2017-04-13
3,Sean,O'Donnell,sean.o'donnell35@gmail.com,+14410529190,Fort Lauderdale,Florida,United States,Consumer,59,2016-09-09
4,Brosina,Hoffman,brosina.hoffman10@gmail.com,+19554020107,Los Angeles,California,United States,Consumer,35,2016-08-30
5,Andrew,Allen,andrew.allen80@outlook.com,+12415393687,Concord,North Carolina,United States,Consumer,47,2017-01-29
6,Irene,Maddox,irene.maddox70@outlook.com,+14303082117,Seattle,Washington,United States,Consumer,49,2015-02-06
7,Harold,Pawlan,harold.pawlan15@hotmail.com,+14479708607,Fort Worth,Texas,United States,Home Office,29,2016-06-23
8,Pete,Kriz,pete.kriz75@gmail.com,+15673561638,Madison,Wisconsin,United States,Consumer,31,2014-02-10
9,Alejandro,Grove,alejandro.grove70@hotmail.com,+12698594025,West Jordan,Utah,United States,Consumer,47,2016-10-18
10,Zuschuss,Donatelli,zuschuss.donatelli25@gmail.com,+18911165043,San Francisco,California,United States,Consumer,35,2015-06-18
11,Ken,Black,ken.black85@hotmail.com,+19043745320,Fremont,Nebraska,United States,Corporate,60,2015-10-15
12,Sandra,Flanagan,sandra.flanagan65@gmail.com,+17278721273,Philadelphia,Pennsylvania,United States,Consumer,27,2017-02-11
13,Emily,Burns,emily.burns70@hotmail.com,+12284277889,Orem,Utah,United States,Consumer,61,2016-12-23
14,Eric,Hoffmann,eric.hoffmann45@outlook.com,+17994193360,Los Angeles,California,United States,Consumer,54,2015-12-14
15,Tracy,Blumstein,tracy.blumstein20@hotmail.com,+19503367174,Philadelphia,Pennsylvania,United States,Consumer,52,2014-03-07
16,Matt,Abelman,matt.abelman60@gmail.com,+16951415775,Houston,Texas,United States,Home Office,35,2017-02-16
17,Gene,Hale,gene.hale85@gmail.com,+13652563013,Richardson,Texas,United States,Corporate,63,2015-02-16
18,Steve,Nguyen,steve.nguyen10@gmail.com,+19216762279,Houston,Texas,United States,Home Office,32,2017-07-23
19,Linda,Cazamias,linda.cazamias30@hotmail.com,+12479112937,Naperville,Illinois,United States,Corporate,52,2017-04-22
20,Ruben,Ausman,ruben.ausman85@hotmail.com,+15272602734,Los Angeles,California,United States,Corporate,57,2017-04-17
21,Erin,Smith,erin.smith80@yahoo.com,+12656439677,Melbourne,Florida,United States,Corporate,35,2014-03-28
22,Odella,Nelson,odella.nelson15@gmail.com,+14572447412,Eagan,Minnesota,United States,Corporate,56,2016-09-13
23,Patrick,O'Donnell,patrick.o'donnell65@hotmail.com,+13028439863,Westland,Michigan,United States,Consumer,40,2014-02-10
24,Lena,Hernandez,lena.hernandez00@outlook.com,+15504793184,Dover,Delaware,United States,Consumer,59,2013-11-09
25,Darren,Powers,darren.powers00@yahoo.com,+17433376835,New Albany,Indiana,United States,Consumer,63,2013-07-04
26,Janet,Molinari,janet.molinari65@yahoo.com,+15062092518,New York City,New York,United States,Corporate,50,2016-06-25
27,Ted,Butterfield,ted.butterfield55@outlook.com,+12519709079,Troy,New York,United States,Consumer,39,2017-01-07
28,Kunst,Miller,kunst.miller20@gmail.com,+19335121006,Los Angeles,California,United States,Consumer,28,2014-11-26
29,Paul,Stevenson,paul.stevenson70@yahoo.com,+17491018043,Chicago,Illinois,United States,Home Office,56,2016-10-28
30,Brendan,Sweed,brendan.sweed90@outlook.com,+17338632488,Gilbert,Arizona,United States,Corporate,55,2013-05-30
31,Karen,Daniels,karen.daniels70@outlook.com,+13521696479,Springfield,Virginia,United States,Consumer,51,2014-02-13
32,Henry,MacAllister,henry.macallister80@gmail.com,+12260329455,New York City,New York,United States,Consumer,46,2015-08-25
33,Joel,Eaton,joel.eaton45@yahoo.com,+13811967841,Memphis,Tennessee,United States,Consumer,42,2015-04-28
34,Ken,Brennan,ken.brennan00@gmail.com,+16512242520,Houston,Texas,United States,Corporate,59,2016-11-17
35,Stewart,Carmichael,stewart.carmichael70@yahoo.com,+15713645169,Decatur,Alabama,United States,Corporate,28,2016-05-04
36,Duane,Noonan,duane.noonan90@outlook.com,+13225136114,San Francisco,California,United States,Consumer,60,2014-08-20
37,Julie,Creighton,julie.creighton05@hotmail.com,+17229985516,Durham,North Carolina,United States,Corporate,28,2017-07-13
38,Christopher,Schild,christopher.schild00@hotmail.com,+12245522987,Chicago,Illinois,United States,Home Office,62,2015-04-28
39,Paul,Gonzalez,paul.gonzalez95@gmail.com,+15656488400,Rochester,Minnesota,United States,Consumer,29,2015-09-24
40,Gary,Mitchum,gary.mitchum55@outlook.com,+16809876362,Houston,Texas,United States,Home Office,61,2017-01-29
41,Jim,Sink,jim.sink85@gmail.com,+18095524579,Los Angeles,California,United States,Corporate,62,2017-10-15
42,Karl,Braun,karl.braun15@hotmail.com,+13025148381,Minneapolis,Minnesota,United States,Consumer,50,2014-10-28
43,Roger,Barcio,roger.barcio05@gmail.com,+12040009587,Portland,Oregon,United States,Home Office,64,2017-01-15
44,Parhena,Norris,parhena.norris75@yahoo.com,+14172758220,New York City,New York,United States,Home Office,33,2017-08-13
45,Katherine,Ducich,katherine.ducich45@yahoo.com,+13587106770,San Francisco,California,United States,Consumer,35,2015-08-10
46,Elpida,Rittenbach,elpida.rittenbach55@hotmail.com,+18922103276,Saint Paul,Minnesota,United States,Corporate,58,2016-02-08
47,Rick,Bensley,rick.bensley65@hotmail.com,+16739867930,Chicago,Illinois,United States,Home Office,33,2017-09-01
48,Gary,Zandusky,gary.zandusky70@yahoo.com,+13169726681,Rochester,Minnesota,United States,Consumer,63,2015-09-14
49,Lena,Cacioppo,lena.cacioppo70@hotmail.com,+14170715377,Aurora,Colorado,United States,Consumer,41,2014-12-13
50,Janet,Martin,janet.martin50@gmail.com,+12015228622,Charlotte,North Carolina,United States,Consumer,33,2016-08-17
51,Pete,Armstrong,pete.armstrong60@outlook.com,+14409076656,Orland Park,Illinois,United States,Home Office,32,2015-04-18
52,Cynthia,Voltz,cynthia.voltz05@gmail.com,+15584558315,New York City,New York,United States,Corporate,62,2016-06-14
53,Clay,Ludtke,clay.ludtke65@gmail.com,+13323959527,Urbandale,Iowa,United States,Consumer,27,2015-11-23
54,Ryan,Crowe,ryan.crowe60@gmail.com,+17814005450,Columbus,Ohio,United States,Consumer,60,2016-03-17
55,Dave,Kipp,dave.kipp90@yahoo.com,+15785653776,Seattle,Washington,United States,Consumer,26,2017-06-13
56,Greg,Guthrie,greg.guthrie50@outlook.com,+19740540962,Bristol,Tennessee,United States,Corporate,40,2014-03-01
57,Steven,Cartwright,steven.cartwright25@gmail.com,+17937971482,Wilmington,Delaware,United States,Consumer,27,2016-09-05
58,Alan,Dominguez,alan.dominguez80@yahoo.com,+12957449367,Houston,Texas,United States,Home Office,37,2016-09-25
59,Philip,Fox,philip.fox65@gmail.com,+13198832728,Bloomington,Illinois,United States,Consumer,57,2016-01-19
60,Troy,Staebel,troy.staebel10@hotmail.com,+16033992825,Phoenix,Arizona,United States,Consumer,32,2017-06-28
61,Lindsay,Shagiari,lindsay.shagiari75@gmail.com,+16760552700,Los Angeles,California,United States,Home Office,52,2015-06-15
62,Dorothy,Wardle,dorothy.wardle85@gmail.com,+17949369059,Columbus,Ohio,United States,Corporate,61,2016-07-01
63,Lena,Creighton,lena.creighton85@yahoo.com,+13564319318,Roseville,California,United States,Consumer,29,2016-07-19
64,Jonathan,Doherty,jonathan.doherty95@hotmail.com,+14178074590,Philadelphia,Pennsylvania,United States,Corporate,51,2015-10-04
65,Sally,Hughsby,sally.hughsby75@yahoo.com,+12823946934,San Francisco,California,United States,Corporate,49,2017-09-12
66,Sandra,Glassco,sandra.glassco80@hotmail.com,+18039046869,Independence,Missouri,United States,Consumer,25,2015-01-20
67,Helen,Andreada,helen.andreada20@outlook.com,+19669775771,Pasadena,California,United States,Consumer,63,2014-05-30
68,Maureen,Gastineau,maureen.gastineau80@outlook.com,+14901796894,Newark,Ohio,United States,Home Office,57,2014-04-19
69,Justin,Ellison,justin.ellison65@yahoo.com,+14829742424,Franklin,Wisconsin,United States,Corporate,43,2017-02-26
70,Tamara,Willingham,tamara.willingham25@yahoo.com,+14889635392,Scottsdale,Arizona,United States,Home Office,39,2016-11-11
71,Stephanie,Phelps,stephanie.phelps50@yahoo.com,+16225973028,San Jose,California,United States,Corporate,64,2016-04-05
72,Neil,Knudson,neil.knudson90@yahoo.com,+19380239489,Seattle,Washington,United States,Home Office,49,2017-04-30
73,Dave,Brooks,dave.brooks60@yahoo.com,+19112714985,Seattle,Washington,United States,Consumer,25,2016-12-31
74,Nora,Paige,nora.paige70@outlook.com,+12939915527,Edmond,Oklahoma,United States,Consumer,58,2017-04-01
75,Ted,Trevino,ted.trevino70@gmail.com,+13960488639,Los Angeles,California,United States,Consumer,54,2017-09-30
76,Eric,Murdock,eric.murdock60@hotmail.com,+15828645201,Philadelphia,Pennsylvania,United States,Consumer,64,2015-08-19
77,Ruben,Dartt,ruben.dartt00@outlook.com,+15853479481,Carlsbad,New Mexico,United States,Consumer,55,2014-04-25
78,Max,Jones,max.jones40@hotmail.com,+19584112017,Seattle,Washington,United States,Consumer,58,2016-09-24
79,Becky,Martin,becky.martin40@outlook.com,+16627755767,San Antonio,Texas,United States,Consumer,43,2016-03-09
80,Chad,Sievert,chad.sievert30@yahoo.com,+15034047118,Los Angeles,California,United States,Consumer,29,2015-11-03
81,Jennifer,Braxton,jennifer.braxton00@gmail.com,+17183314236,Chicago,Illinois,United States,Corporate,51,2017-07-10
82,Shirley,Jackson,shirley.jackson00@gmail.com,+19974603352,Houston,Texas,United States,Consumer,61,2014-02-13
83,Jim,Kriz,jim.kriz40@outlook.com,+18606607019,New York City,New York,United States,Home Office,59,2015-10-19
84,David,Kendrick,david.kendrick50@outlook.com,+12942408767,Decatur,Illinois,United States,Corporate,52,2017-02-17
85,Robert,Marley,robert.marley75@outlook.com,+15110335359,Monroe,Louisiana,United States,Home Office,54,2015-02-20
86,Sally,Knutson,sally.knutson90@gmail.com,+16655518881,Fairfield,Connecticut,United States,Consumer,52,2015-12-28
87,Frank,Merwin,frank.merwin90@gmail.com,+13117362852,Los Angeles,California,United States,Home Office,45,2016-01-20
88,Alice,McCarthy,alice.mccarthy60@outlook.com,+17490070360,Grand Prairie,Texas,United States,Corporate,51,2014-06-12
89,Mark,Packer,mark.packer70@gmail.com,+19512001992,New York City,New York,United States,Home Office,28,2015-09-23
90,Mary,Zewe,mary.zewe15@gmail.com,+15239406957,Redlands,California,United States,Corporate,40,2015-07-14
91,Cassandra,Brandow,cassandra.brandow25@yahoo.com,+13024542722,Hamilton,Ohio,United States,Consumer,55,2017-10-07
92,Valerie,Mitchum,valerie.mitchum85@hotmail.com,+15293802269,Westfield,New Jersey,United States,Home Office,35,2015-04-07
93,Fred,Hopkins,fred.hopkins65@gmail.com,+19635557984,Philadelphia,Pennsylvania,United States,Corporate,35,2014-05-29
94,Maria,Bertelson,maria.bertelson05@outlook.com,+17998585123,Akron,Ohio,United States,Consumer,37,2015-07-20
95,Bruce,Stewart,bruce.stewart55@yahoo.com,+16732630060,Denver,Colorado,United States,Consumer,44,2015-02-01
96,Logan,Currie,logan.currie40@gmail.com,+17786196104,Dallas,Texas,United States,Consumer,52,2015-09-29
97,Heather,Kirkland,heather.kirkland90@hotmail.com,+16349307854,Franklin,Tennessee,United States,Corporate,51,2016-07-28
98,Laurel,Elliston,laurel.elliston10@outlook.com,+15037867512,Whittier,California,United States,Consumer,52,2014-03-18
99,Joseph,Holt,joseph.holt85@hotmail.com,+18940290691,Saginaw,Michigan,United States,Consumer,59,2014-05-06
100,Michael,Stewart,michael.stewart80@hotmail.com,+17679254912,Dallas,Texas,United States,Corporate,40,2015-04-06
101,Victoria,Wilson,victoria.wilson75@yahoo.com,+15223271103,Medina,Ohio,United States,Corporate,61,2014-03-04
102,Jonathan,Howell,jonathan.howell10@hotmail.com,+12780996231,Los Angeles,California,United States,Consumer,38,2016-02-16
103,Joni,Blumstein,joni.blumstein25@hotmail.com,+14387104291,Dublin,Ohio,United States,Consumer,58,2015-09-05
104,David,Smith,david.smith80@yahoo.com,+14966144543,Detroit,Michigan,United States,Corporate,56,2015-12-26
105,Valerie,Dominguez,valerie.dominguez70@outlook.com,+14971203213,Columbia,Tennessee,United States,Consumer,44,2014-11-10
106,Erin,Ashbrook,erin.ashbrook35@hotmail.com,+18122492253,Charlotte,North Carolina,United States,Corporate,60,2014-10-02
107,David,Bremer,david.bremer20@hotmail.com,+16808451004,Santa Clara,California,United States,Corporate,59,2016-07-07
108,Ken,Lonsdale,ken.lonsdale45@yahoo.com,+15172282824,Chicago,Illinois,United States,Consumer,42,2015-02-13
109,Dianna,Wilson,dianna.wilson80@yahoo.com,+13272368870,Lakeville,Minnesota,United States,Home Office,48,2015-04-12
110,Logan,Haushalter,logan.haushalter55@gmail.com,+16184564874,San Francisco,California,United States,Consumer,60,2016-05-21
111,Kelly,Collister,kelly.collister40@outlook.com,+16735577866,San Diego,California,United States,Consumer,25,2016-08-11
112,Delfina,Latchford,delfina.latchford15@outlook.com,+13463320861,New York City,New York,United States,Consumer,28,2013-07-05
113,Dan,Reichenbach,dan.reichenbach80@gmail.com,+13721025347,Chicago,Illinois,United States,Corporate,29,2015-01-26
114,Craig,Carreira,craig.carreira70@hotmail.com,+16660816486,New York City,New York,United States,Consumer,40,2016-04-24
115,Dorris,liebe,dorris.liebe00@yahoo.com,+19626545681,Pasadena,Texas,United States,Corporate,49,2013-04-20
116,Sean,Braxton,sean.braxton90@hotmail.com,+19989355001,Houston,Texas,United States,Corporate,52,2017-08-26
117,Roy,Collins,roy.collins25@gmail.com,+17187409549,Chicago,Illinois,United States,Consumer,38,2015-04-16
118,Alan,Hwang,alan.hwang10@yahoo.com,+17041490809,Brentwood,California,United States,Consumer,29,2017-01-04
119,Claudia,Bergmann,claudia.bergmann35@outlook.com,+13250949136,Chapel Hill,North Carolina,United States,Corporate,39,2014-02-14
120,Christine,Abelman,christine.abelman10@hotmail.com,+19678662904,Cincinnati,Ohio,United States,Corporate,65,2015-08-26
121,Kristen,Hastings,kristen.hastings90@gmail.com,+14338877621,San Francisco,California,United States,Corporate,34,2015-07-24
122,Barry,Blumstein,barry.blumstein90@hotmail.com,+13886149718,Inglewood,California,United States,Corporate,54,2015-06-13
123,Andrew,Gjertsen,andrew.gjertsen95@outlook.com,+13880160025,Philadelphia,Pennsylvania,United States,Corporate,63,2014-03-17
124,Jas,O'Carroll,jas.o'carroll80@gmail.com,+19182394708,Los Angeles,California,United States,Consumer,42,2015-07-29
125,Alan,Haines,alan.haines95@yahoo.com,+18167079042,Tamarac,Florida,United States,Corporate,56,2017-07-25
126,Nick,Zandusky,nick.zandusky65@hotmail.com,+14878201524,Columbus,Ohio,United States,Home Office,35,2017-05-14
127,Kelly,Lampkin,kelly.lampkin55@gmail.com,+13953462417,Colorado Springs,Colorado,United States,Corporate,45,2017-08-24
128,Alan,Schoenberger,alan.schoenberger25@outlook.com,+14686110098,New York City,New York,United States,Corporate,28,2014-08-01
129,Corey,Roper,corey.roper25@outlook.com,+12521521078,Lakewood,New Jersey,United States,Home Office,65,2013-10-08
130,Shahid,Hopkins,shahid.hopkins95@hotmail.com,+14365835550,Arlington,Virginia,United States,Consumer,60,2015-04-20
131,Ben,Peterman,ben.peterman85@gmail.com,+18276870893,Arvada,Colorado,United States,Corporate,32,2015-01-25
132,Thomas,Seio,thomas.seio05@hotmail.com,+18079484715,Hackensack,New Jersey,United States,Corporate,55,2014-08-26
133,Andy,Gerbode,andy.gerbode25@yahoo.com,+13647489402,Saint Petersburg,Florida,United States,Corporate,63,2014-03-05
134,Sung,Pak,sung.pak60@gmail.com,+17481440857,Philadelphia,Pennsylvania,United States,Corporate,51,2017-05-20
135,Nathan,Mautz,nathan.mautz45@hotmail.com,+15524233168,New York City,New York,United States,Home Office,43,2014-05-30
136,Frank,Atkinson,frank.atkinson30@outlook.com,+15716265973,Long Beach,California,United States,Corporate,53,2015-06-28
137,Grace,Kelly,grace.kelly20@hotmail.com,+18665434552,Hesperia,California,United States,Corporate,59,2015-05-20
138,Don,Jones,don.jones10@yahoo.com,+17320629296,Murfreesboro,Tennessee,United States,Corporate,49,2017-04-28
139,Patrick,O'Brill,patrick.o'brill50@gmail.com,+17661524216,Philadelphia,Pennsylvania,United States,Consumer,55,2017-01-31
140,John,Lucas,john.lucas50@yahoo.com,+18422387631,Philadelphia,Pennsylvania,United States,Consumer,27,2014-04-08
141,Doug,Bickford,doug.bickford15@outlook.com,+16723225778,Los Angeles,California,United States,Consumer,54,2015-12-17
142,Alyssa,Crouse,alyssa.crouse20@yahoo.com,+12321384892,San Francisco,California,United States,Corporate,41,2015-05-05
143,Clay,Cheatham,clay.cheatham50@outlook.com,+16449152758,San Francisco,California,United States,Consumer,29,2017-01-10
144,Tamara,Dahlen,tamara.dahlen95@hotmail.com,+16283911723,Lowell,Massachusetts,United States,Consumer,30,2015-08-08
145,Adam,Bellavance,adam.bellavance60@gmail.com,+13905584866,New York City,New York,United States,Home Office,44,2017-07-31
146,Jeremy,Lonsdale,jeremy.lonsdale05@hotmail.com,+13849785671,New York City,New York,United States,Consumer,40,2017-04-28
147,Victoria,Brennan,victoria.brennan45@outlook.com,+18956603050,Columbus,Georgia,United States,Corporate,40,2016-02-25
148,Katrina,Willman,katrina.willman35@yahoo.com,+18275591099,New York City,New York,United States,Consumer,41,2016-03-22
149,Julia,Dunbar,julia.dunbar60@hotmail.com,+19205283887,San Francisco,California,United States,Consumer,35,2014-12-09
150,Michael,Kennedy,michael.kennedy05@hotmail.com,+19039188121,Manchester,Connecticut,United States,Corporate,52,2015-11-30
151,Guy,Thornton,guy.thornton55@outlook.com,+15665047890,Harlingen,Texas,United States,Consumer,31,2017-10-10
152,Arthur,Gainer,arthur.gainer00@hotmail.com,+13268006448,Tucson,Arizona,United States,Consumer,50,2015-05-06
153,Muhammed,MacIntyre,muhammed.macintyre80@gmail.com,+15200490039,Quincy,Illinois,United States,Corporate,43,2013-02-01
154,Allen,Rosenblatt,allen.rosenblatt05@hotmail.com,+17235584614,Franklin,Massachusetts,United States,Corporate,37,2014-08-10
155,Russell,Applegate,russell.applegate15@yahoo.com,+14698305085,Houston,Texas,United States,Consumer,65,2014-06-23
156,Alejandro,Savely,alejandro.savely85@hotmail.com,+15145461251,San Francisco,California,United States,Corporate,30,2016-06-27
157,Laura,Armstrong,laura.armstrong80@yahoo.com,+16862589297,Taylor,Michigan,United States,Corporate,59,2015-12-03
158,Denny,Ordway,denny.ordway35@yahoo.com,+17398645388,Pembroke Pines,Florida,United States,Consumer,55,2014-06-22
159,Dean,Katz,dean.katz25@gmail.com,+18306435271,Philadelphia,Pennsylvania,United States,Corporate,29,2014-11-26
160,Nathan,Gelder,nathan.gelder30@outlook.com,+19750644903,Cincinnati,Ohio,United States,Consumer,48,2017-09-26
161,Mike,Vittorini,mike.vittorini90@hotmail.com,+14304560537,New York City,New York,United States,Consumer,54,2013-09-01
162,Jack,Garza,jack.garza15@hotmail.com,+14510666490,Des Moines,Washington,United States,Consumer,65,2014-06-18
163,Bart,Pistole,bart.pistole95@gmail.com,+18955900803,Peoria,Illinois,United States,Corporate,60,2016-03-08
164,Victor,Preis,victor.preis30@gmail.com,+19024006360,Las Vegas,Nevada,United States,Home Office,54,2017-05-19
165,Saphhira,Shifley,saphhira.shifley40@gmail.com,+12600337712,Warwick,Rhode Island,United States,Corporate,27,2017-09-12
166,Anna,Gayman,anna.gayman75@hotmail.com,+19174683651,Houston,Texas,United States,Consumer,59,2015-02-26
167,Luke,Foster,luke.foster85@gmail.com,+15580684522,Miami,Florida,United States,Consumer,64,2016-01-18
168,Roy,Französisch,roy.französisch40@yahoo.com,+15674130601,New York City,New York,United States,Consumer,31,2014-02-08
169,Keith,Herrera,keith.herrera10@hotmail.com,+12260060661,San Francisco,California,United States,Consumer,42,2017-04-05
170,Kimberly,Carter,kimberly.carter75@gmail.com,+16512200347,Seattle,Washington,United States,Corporate,46,2017-06-30
171,Caroline,Jumper,caroline.jumper10@yahoo.com,+16589645648,Huntington Beach,California,United States,Consumer,60,2016-02-10
172,Philip,Brown,philip.brown50@yahoo.com,+17706119814,Los Angeles,California,United States,Consumer,34,2014-02-22
173,Michael,Paige,michael.paige65@gmail.com,+17833606156,Lawrence,Massachusetts,United States,Corporate,40,2015-02-21
174,Natalie,Fritzler,natalie.fritzler85@gmail.com,+16839391085,Jackson,Mississippi,United States,Consumer,51,2017-01-24
175,Shirley,Daniels,shirley.daniels85@gmail.com,+18236315803,New Rochelle,New York,United States,Home Office,39,2013-09-09
176,Ken,Heidel,ken.heidel30@hotmail.com,+18262244934,San Antonio,Texas,United States,Corporate,26,2017-01-12
177,Ross,Baird,ross.baird95@outlook.com,+14946766309,Gastonia,North Carolina,United States,Home Office,56,2016-10-22
178,Mike,Kennedy,mike.kennedy60@yahoo.com,+17476152014,Jacksonville,Florida,United States,Consumer,65,2014-07-08
179,Philisse,Overcash,philisse.overcash80@hotmail.com,+18243660179,Chicago,Illinois,United States,Home Office,63,2015-01-05
180,Brenda,Bowman,brenda.bowman45@gmail.com,+19957684205,Houston,Texas,United States,Corporate,60,2016-03-01
181,Troy,Blackwell,troy.blackwell95@hotmail.com,+14856616537,Columbus,Indiana,United States,Consumer,48,2014-08-09
182,Raymond,Buch,raymond.buch60@gmail.com,+16686774764,Auburn,New York,United States,Consumer,30,2016-10-01
183,Ed,Braxton,ed.braxton05@gmail.com,+18813815624,Akron,Ohio,United States,Corporate,60,2014-10-02
184,Sanjit,Chand,sanjit.chand95@outlook.com,+15096932037,Concord,California,United States,Consumer,43,2016-03-28
185,Tanja,Norvell,tanja.norvell40@hotmail.com,+16788395962,Phoenix,Arizona,United States,Home Office,42,2017-03-13
186,Joni,Sundaresam,joni.sundaresam40@gmail.com,+18910580535,Park Ridge,Illinois,United States,Home Office,42,2014-06-29
187,Maya,Herman,maya.herman85@yahoo.com,+18727297879,Lindenhurst,New York,United States,Corporate,50,2015-07-13
188,Jeremy,Pistek,jeremy.pistek20@gmail.com,+16689063550,San Francisco,California,United States,Consumer,58,2014-08-23
189,Jeremy,Ellison,jeremy.ellison75@gmail.com,+15793925798,Troy,New York,United States,Consumer,34,2016-04-06
190,John,Grady,john.grady05@gmail.com,+13168672809,New York City,New York,United States,Corporate,52,2014-01-01
191,Xylona,Preis,xylona.preis65@yahoo.com,+19537423398,San Diego,California,United States,Consumer,32,2013-03-15
192,Erin,Mull,erin.mull65@hotmail.com,+19207890957,New York City,New York,United States,Consumer,62,2017-02-23
193,Michelle,Tran,michelle.tran70@yahoo.com,+17992610633,Los Angeles,California,United States,Home Office,63,2015-08-06
194,Sue,Ann Reed,sue.annreed30@yahoo.com,+15282046063,Chicago,Illinois,United States,Consumer,43,2017-04-06
195,Carl,Weiss,carl.weiss05@outlook.com,+12754603440,Huntsville,Texas,United States,Home Office,49,2014-04-03
196,Astrea,Jones,astrea.jones60@hotmail.com,+12309561891,Rochester,New York,United States,Consumer,27,2017-05-06
197,Sonia,Sunley,sonia.sunley90@hotmail.com,+14472866768,Seattle,Washington,United States,Consumer,61,2016-08-23
198,Rose,O'Brian,rose.o'brian80@hotmail.com,+12494665880,Memphis,Tennessee,United States,Consumer,26,2016-04-07
199,Maribeth,Dona,maribeth.dona50@outlook.com,+19868491366,Fayetteville,Arkansas,United States,Consumer,48,2014-03-02
200,Maribeth,Yedwab,maribeth.yedwab80@outlook.com,+15738873895,Parker,Colorado,United States,Corporate,46,2016-10-23
201,Christopher,Martinez,christopher.martinez85@hotmail.com,+17802929161,Atlanta,Georgia,United States,Consumer,34,2016-11-21
202,Lynn,Smith,lynn.smith45@yahoo.com,+19560067115,Gladstone,Missouri,United States,Consumer,29,2013-12-12
203,Bradley,Nguyen,bradley.nguyen15@outlook.com,+19220413285,Los Angeles,California,United States,Consumer,61,2017-09-18
204,Dean,Braden,dean.braden10@outlook.com,+14711778437,Houston,Texas,United States,Consumer,42,2017-07-21
205,Matt,Connell,matt.connell05@hotmail.com,+13983168873,Detroit,Michigan,United States,Corporate,27,2016-08-30
206,Brian,Dahlen,brian.dahlen05@gmail.com,+18936408196,Lawrence,Massachusetts,United States,Consumer,57,2013-04-24
207,Patricia,Hirasaki,patricia.hirasaki90@gmail.com,+18226558827,Lakeland,Florida,United States,Home Office,61,2017-07-27
208,Mike,Gockenbach,mike.gockenbach45@outlook.com,+14153356179,Philadelphia,Pennsylvania,United States,Consumer,28,2017-07-08
209,Karen,Bern,karen.bern40@gmail.com,+18461988763,Los Angeles,California,United States,Corporate,36,2014-12-31
210,Jasper,Cacioppo,jasper.cacioppo40@outlook.com,+18545824605,Los Angeles,California,United States,Consumer,64,2013-07-31
211,Rob,Lucas,rob.lucas15@outlook.com,+18050618472,Montgomery,Alabama,United States,Consumer,46,2014-09-02
212,Allen,Armold,allen.armold75@hotmail.com,+12283089268,Mesa,Arizona,United States,Consumer,31,2014-03-31
213,Emily,Phan,emily.phan15@hotmail.com,+19403379663,Chicago,Illinois,United States,Consumer,63,2016-04-07
214,Darren,Koutras,darren.koutras85@hotmail.com,+19294915885,Henderson,Kentucky,United States,Consumer,50,2014-03-08
215,Bradley,Drucker,bradley.drucker00@outlook.com,+19058749794,Green Bay,Wisconsin,United States,Consumer,46,2016-05-18
216,Liz,MacKendrick,liz.mackendrick65@gmail.com,+19069622761,Springfield,Ohio,United States,Consumer,52,2015-02-08
217,Adrian,Shami,adrian.shami35@yahoo.com,+17267962268,New York City,New York,United States,Home Office,33,2016-09-02
218,Bill,Donatelli,bill.donatelli20@gmail.com,+14842964443,San Francisco,California,United States,Consumer,64,2016-01-17
219,Greg,Tran,greg.tran10@yahoo.com,+15097457395,Houston,Texas,United States,Consumer,27,2014-07-17
220,Ashley,Jarboe,ashley.jarboe45@outlook.com,+17300002292,Wilmington,North Carolina,United States,Consumer,40,2017-02-15
221,Olvera,Toch,olvera.toch30@yahoo.com,+17874832173,Los Angeles,California,United States,Consumer,61,2017-01-08
222,Liz,Pelletier,liz.pelletier80@outlook.com,+18454935093,San Francisco,California,United States,Consumer,51,2016-07-05
223,Cynthia,Arntzen,cynthia.arntzen75@yahoo.com,+15749514711,Tampa,Florida,United States,Consumer,28,2015-08-31
224,Jeremy,Farry,jeremy.farry90@gmail.com,+19350411227,Seattle,Washington,United States,Consumer,58,2016-08-30
225,Frank,Preis,frank.preis20@yahoo.com,+13171629709,Los Angeles,California,United States,Consumer,57,2015-12-15
226,Ellis,Ballard,ellis.ballard40@yahoo.com,+15507713760,Seattle,Washington,United States,Corporate,47,2017-05-23
227,Jennifer,Ferguson,jennifer.ferguson15@yahoo.com,+17953538128,New York City,New York,United States,Consumer,30,2015-03-28
228,Sarah,Foster,sarah.foster00@hotmail.com,+15398953973,Marysville,Washington,United States,Consumer,33,2017-01-06
229,Trudy,Glocke,trudy.glocke40@outlook.com,+19284573707,Long Beach,California,United States,Consumer,33,2013-04-28
230,Carlos,Soltero,carlos.soltero50@gmail.com,+15890628295,Chicago,Illinois,United States,Consumer,26,2016-07-06
231,Charles,Crestani,charles.crestani45@outlook.com,+16772511222,Los Angeles,California,United States,Consumer,43,2014-03-18
232,Dianna,Vittorini,dianna.vittorini65@gmail.com,+13024089868,Denver,Colorado,United States,Consumer,65,2015-01-12
233,Bruce,Degenhardt,bruce.degenhardt25@outlook.com,+18857941962,Richmond,Kentucky,United States,Consumer,26,2015-05-03
234,Zuschuss,Carroll,zuschuss.carroll10@yahoo.com,+13251003660,Salem,Oregon,United States,Consumer,25,2014-08-20
235,Melanie,Seite,melanie.seite30@gmail.com,+18543316330,Laredo,Texas,United States,Consumer,48,2013-03-13
236,Lena,Radford,lena.radford15@gmail.com,+17971953309,San Diego,California,United States,Consumer,55,2015-06-02
237,Theone,Pippenger,theone.pippenger30@gmail.com,+17828673794,Philadelphia,Pennsylvania,United States,Consumer,29,2016-03-24
238,Chloris,Kastensmidt,chloris.kastensmidt05@gmail.com,+19608540461,Philadelphia,Pennsylvania,United States,Consumer,46,2015-05-08
239,Alan,Shonely,alan.shonely40@yahoo.com,+19861437936,Tampa,Florida,United States,Consumer,54,2013-12-14
240,Andrew,Roberts,andrew.roberts10@yahoo.com,+16565982035,Philadelphia,Pennsylvania,United States,Consumer,54,2017-08-23
241,Nona,Balk,nona.balk55@yahoo.com,+15804440746,Dallas,Texas,United States,Corporate,45,2016-03-09
242,Giulietta,Dortch,giulietta.dortch90@outlook.com,+13087974350,Philadelphia,Pennsylvania,United States,Corporate,37,2017-09-05
243,Clytie,Kelty,clytie.kelty95@gmail.com,+13425605673,Grove City,Ohio,United States,Consumer,32,2016-11-09
244,Nat,Gilpin,nat.gilpin55@outlook.com,+13660626647,New York City,New York,United States,Corporate,36,2017-07-21
245,Christina,Anderson,christina.anderson65@gmail.com,+15122790501,Chicago,Illinois,United States,Consumer,30,2016-10-22
246,Sylvia,Foulston,sylvia.foulston65@hotmail.com,+13379592595,Dearborn,Michigan,United States,Corporate,30,2014-01-14
247,Meg,O'Connel,meg.o'connel00@outlook.com,+17010701123,New York City,New York,United States,Home Office,53,2014-12-11
248,Annie,Thurman,annie.thurman35@hotmail.com,+18935734293,Seattle,Washington,United States,Consumer,52,2015-07-01
249,Fred,McMath,fred.mcmath80@hotmail.com,+18498654966,Aurora,Colorado,United States,Consumer,35,2015-06-24
250,Denny,Joy,denny.joy20@yahoo.com,+19638665360,Warner Robins,Georgia,United States,Corporate,48,2014-12-08
251,Max,Engle,max.engle25@yahoo.com,+14916549321,Aurora,Colorado,United States,Consumer,48,2016-12-23
252,Justin,Deggeller,justin.deggeller50@hotmail.com,+14789842140,Minneapolis,Minnesota,United States,Corporate,40,2014-03-14
253,John,Lee,john.lee35@outlook.com,+14223699008,Mission Viejo,California,United States,Consumer,60,2017-07-14
254,Sean,Christensen,sean.christensen05@outlook.com,+17216540224,Rochester Hills,Michigan,United States,Consumer,64,2014-08-08
255,Chuck,Clark,chuck.clark30@gmail.com,+13941508568,Columbus,Indiana,United States,Home Office,53,2015-11-23
256,Anthony,Rawles,anthony.rawles25@gmail.com,+18657187050,Vancouver,Washington,United States,Corporate,43,2017-03-12
257,Steven,Roelle,steven.roelle40@yahoo.com,+15408900003,New York City,New York,United States,Home Office,57,2014-07-08
258,Craig,Reiter,craig.reiter30@gmail.com,+17845006067,Columbus,Ohio,United States,Consumer,61,2017-02-26
259,Eugene,Hildebrand,eugene.hildebrand25@gmail.com,+12282385977,Aurora,Illinois,United States,Home Office,50,2016-04-08
260,Sibella,Parks,sibella.parks45@gmail.com,+16833241714,New York City,New York,United States,Corporate,45,2014-02-10
261,Tiffany,House,tiffany.house35@yahoo.com,+19646171068,Dallas,Texas,United States,Corporate,65,2016-02-22
262,Resi,Pölking,resi.pölking90@gmail.com,+15570796341,Cleveland,Ohio,United States,Consumer,58,2015-01-06
263,Rob,Beeghly,rob.beeghly70@gmail.com,+13076341629,Columbus,Indiana,United States,Consumer,65,2016-07-04
264,Carol,Darley,carol.darley80@gmail.com,+18453502525,Tyler,Texas,United States,Consumer,35,2016-08-17
265,Doug,Jacobs,doug.jacobs30@hotmail.com,+19913606108,New York City,New York,United States,Consumer,61,2016-05-20
266,Grant,Thornton,grant.thornton35@gmail.com,+19606483164,Burlington,North Carolina,United States,Corporate,41,2017-10-05
267,Michael,Chen,michael.chen45@outlook.com,+18949722760,Jackson,Mississippi,United States,Consumer,26,2017-09-03
268,Ralph,Arnett,ralph.arnett85@hotmail.com,+14074232200,New York City,New York,United States,Consumer,50,2015-05-18
269,Naresj,Patel,naresj.patel25@gmail.com,+12678950361,Waynesboro,Virginia,United States,Consumer,51,2017-01-25
270,Alan,Barnes,alan.barnes65@yahoo.com,+17637498895,Los Angeles,California,United States,Consumer,45,2014-05-11
271,Jesus,Ocampo,jesus.ocampo50@yahoo.com,+15267031264,Chester,Pennsylvania,United States,Home Office,57,2015-06-26
272,Jay,Kimmel,jay.kimmel70@outlook.com,+17361280010,Long Beach,California,United States,Consumer,35,2016-12-08
273,Brad,Norvell,brad.norvell70@hotmail.com,+17110298546,Cary,North Carolina,United States,Corporate,35,2017-01-06
274,David,Philippe,david.philippe65@hotmail.com,+14136189070,New York City,New York,United States,Consumer,30,2015-08-07
275,Tracy,Hopkins,tracy.hopkins50@yahoo.com,+14505443885,New York City,New York,United States,Home Office,28,2017-08-20
276,Arthur,Prichep,arthur.prichep15@outlook.com,+17522247263,Palm Coast,Florida,United States,Consumer,25,2014-02-26
277,Roland,Schwarz,roland.schwarz65@hotmail.com,+15280739820,Mount Vernon,New York,United States,Corporate,48,2017-07-06
278,Seth,Vernon,seth.vernon65@hotmail.com,+12315816454,Dover,Delaware,United States,Consumer,57,2013-09-30
279,Christine,Kargatis,christine.kargatis25@gmail.com,+16847572330,Orem,Utah,United States,Home Office,31,2016-05-17
280,Ross,DeVincentis,ross.devincentis10@hotmail.com,+15242550727,Los Angeles,California,United States,Home Office,37,2014-07-07
281,Mathew,Reese,mathew.reese45@hotmail.com,+15453007060,Philadelphia,Pennsylvania,United States,Home Office,58,2014-05-06
282,Steve,Chapman,steve.chapman95@yahoo.com,+17703569884,Hialeah,Florida,United States,Corporate,64,2017-02-14
283,Jay,Fein,jay.fein55@hotmail.com,+14550027973,Austin,Texas,United States,Consumer,57,2015-07-04
284,Emily,Grady,emily.grady00@hotmail.com,+18334615466,Oceanside,New York,United States,Consumer,26,2016-11-22
285,Darrin,Sayre,darrin.sayre30@hotmail.com,+19717003142,Seattle,Washington,United States,Home Office,65,2016-05-22
286,Phillina,Ober,phillina.ober95@gmail.com,+14506213395,Naperville,Illinois,United States,Home Office,35,2013-05-19
287,Sung,Shariari,sung.shariari75@outlook.com,+16929659132,Dallas,Texas,United States,Consumer,40,2014-12-23
288,Peter,Bühler,peter.bühler05@yahoo.com,+18068617466,Evanston,Illinois,United States,Consumer,38,2014-07-09
289,Roland,Fjeld,roland.fjeld35@outlook.com,+19455364317,Trenton,Michigan,United States,Consumer,28,2017-04-28
290,Yoseph,Carroll,yoseph.carroll95@outlook.com,+14256907178,San Francisco,California,United States,Corporate,45,2015-04-17
291,Debra,Catini,debra.catini85@hotmail.com,+14620258967,Cottage Grove,Minnesota,United States,Consumer,37,2017-08-02
292,Christine,Phan,christine.phan40@hotmail.com,+17260763849,New York City,New York,United States,Corporate,44,2016-05-22
293,Barry,Französisch,barry.französisch20@yahoo.com,+19259525141,Green Bay,Wisconsin,United States,Corporate,56,2017-04-29
294,Lisa,Hazard,lisa.hazard20@gmail.com,+18758031393,Columbus,Ohio,United States,Consumer,59,2016-07-26
295,Chris,Selesnick,chris.selesnick50@hotmail.com,+15455798713,Bossier City,Louisiana,United States,Corporate,43,2013-05-23
296,Anthony,Johnson,anthony.johnson95@outlook.com,+12919066362,Saint Petersburg,Florida,United States,Corporate,59,2015-10-21
297,Benjamin,Venier,benjamin.venier45@yahoo.com,+13041349374,Des Moines,Iowa,United States,Corporate,58,2016-03-07
298,Dan,Lawera,dan.lawera65@outlook.com,+16726804371,Cincinnati,Ohio,United States,Consumer,33,2016-10-04
299,Bryan,Mills,bryan.mills85@outlook.com,+18345593057,Columbus,Ohio,United States,Consumer,37,2015-05-21
300,Liz,Thompson,liz.thompson10@gmail.com,+12751897503,Lancaster,California,United States,Consumer,36,2015-02-07
301,Joe,Kamberova,joe.kamberova30@gmail.com,+12039802179,Asheville,North Carolina,United States,Consumer,61,2017-06-27
302,Erica,Smith,erica.smith20@hotmail.com,+18246381703,San Francisco,California,United States,Consumer,59,2017-06-02
303,Rick,Hansen,rick.hansen95@yahoo.com,+19950241038,Rochester,Minnesota,United States,Consumer,54,2017-05-15
304,Carlos,Daly,carlos.daly20@hotmail.com,+15086355679,Lake Elsinore,California,United States,Consumer,25,2017-10-16
305,Helen,Wasserman,helen.wasserman35@yahoo.com,+17048712205,San Diego,California,United States,Corporate,65,2015-11-10
306,Mike,Caudle,mike.caudle30@gmail.com,+17088596505,Monroe,Louisiana,United States,Corporate,33,2015-08-09
307,Gary,McGarr,gary.mcgarr40@gmail.com,+13120064235,San Francisco,California,United States,Consumer,40,2016-12-16
308,Pauline,Johnson,pauline.johnson15@outlook.com,+13317723211,Santa Ana,California,United States,Consumer,50,2013-09-30
309,Bart,Watters,bart.watters10@hotmail.com,+14964774623,Milwaukee,Wisconsin,United States,Corporate,65,2016-03-15
310,Toby,Ritter,toby.ritter25@outlook.com,+19547763018,Belleville,New Jersey,United States,Consumer,38,2014-09-10
311,Patrick,Gardner,patrick.gardner20@gmail.com,+14257033897,San Francisco,California,United States,Consumer,58,2015-11-12
312,James,Lanier,james.lanier75@outlook.com,+15473306055,Columbia,Tennessee,United States,Home Office,54,2014-02-03
313,Brian,Moss,brian.moss50@outlook.com,+19184482607,New York City,New York,United States,Corporate,44,2015-01-11
314,Eudokia,Martin,eudokia.martin95@yahoo.com,+14483827971,Los Angeles,California,United States,Corporate,27,2015-06-26
315,Art,Foster,art.foster85@gmail.com,+14027530378,Louisville,Kentucky,United States,Consumer,43,2015-02-01
316,Guy,Armstrong,guy.armstrong25@outlook.com,+17903264703,Lorain,Ohio,United States,Consumer,49,2016-07-03
317,Cyma,Kinney,cyma.kinney60@outlook.com,+16639638390,Linden,New Jersey,United States,Corporate,59,2017-07-08
318,Dave,Poirier,dave.poirier05@gmail.com,+17061505677,Salinas,California,United States,Corporate,59,2017-02-13
319,Berenike,Kampe,berenike.kampe60@outlook.com,+14284637470,New York City,New York,United States,Consumer,39,2016-11-06
320,Sanjit,Jacobs,sanjit.jacobs25@yahoo.com,+19408921434,New Brunswick,New Jersey,United States,Home Office,32,2016-03-23
321,Chuck,Magee,chuck.magee45@outlook.com,+18936042338,San Francisco,California,United States,Consumer,26,2016-07-04
322,Anthony,Jacobs,anthony.jacobs80@gmail.com,+17346092466,Springfield,Virginia,United States,Corporate,27,2013-11-05
323,Linda,Southworth,linda.southworth45@gmail.com,+16896845015,Philadelphia,Pennsylvania,United States,Corporate,43,2016-06-22
324,Guy,Phonely,guy.phonely40@hotmail.com,+18775202734,Lancaster,Pennsylvania,United States,Corporate,45,2015-06-10
325,Paul,Knutson,paul.knutson10@yahoo.com,+13776227561,Philadelphia,Pennsylvania,United States,Home Office,42,2014-02-13
326,Sally,Matthias,sally.matthias05@outlook.com,+14387360437,New York City,New York,United States,Consumer,28,2014-04-12
327,Anthony,Garverick,anthony.garverick65@outlook.com,+17084721488,Philadelphia,Pennsylvania,United States,Home Office,59,2017-05-07
328,Peter,McVee,peter.mcvee35@outlook.com,+18688495681,Detroit,Michigan,United States,Home Office,33,2016-07-27
329,Lauren,Leatherbury,lauren.leatherbury40@hotmail.com,+14777580509,Rochester,New York,United States,Consumer,53,2016-03-04
330,Jill,Stevenson,jill.stevenson95@yahoo.com,+12221348142,Los Angeles,California,United States,Corporate,49,2016-01-31
331,Ed,Ludwig,ed.ludwig35@yahoo.com,+14058982440,Columbia,Maryland,United States,Home Office,46,2017-02-08
332,Pamela,Coakley,pamela.coakley45@outlook.com,+15930438209,San Francisco,California,United States,Corporate,60,2015-12-17
333,Hunter,Lopez,hunter.lopez40@hotmail.com,+13324663629,Houston,Texas,United States,Consumer,48,2013-09-26
334,Maribeth,Schnelling,maribeth.schnelling65@outlook.com,+16718486413,Detroit,Michigan,United States,Consumer,55,2016-02-12
335,George,Bell,george.bell30@hotmail.com,+13343989841,Auburn,New York,United States,Corporate,27,2017-05-03
336,Justin,Ritter,justin.ritter10@yahoo.com,+12069663945,Springfield,Ohio,United States,Corporate,60,2017-07-05
337,Bill,Eplett,bill.eplett35@outlook.com,+13979245480,Jackson,Michigan,United States,Home Office,47,2015-03-24
338,Sample,Company A,sample.companya50@yahoo.com,+18623427329,Norwich,Connecticut,United States,Home Office,28,2015-11-10
339,Rob,Williams,rob.williams30@yahoo.com,+19913669289,Dallas,Texas,United States,Corporate,39,2017-07-19
340,Sanjit,Engle,sanjit.engle10@gmail.com,+18948549412,New York City,New York,United States,Consumer,64,2016-12-10
341,Adam,Hart,adam.hart75@outlook.com,+12050899550,New York City,New York,United States,Corporate,58,2016-11-21
342,Jessica,Myrick,jessica.myrick35@gmail.com,+18451968705,Philadelphia,Pennsylvania,United States,Consumer,52,2016-05-23
343,Joel,Jenkins,joel.jenkins60@gmail.com,+14252218154,Springfield,Virginia,United States,Home Office,40,2015-05-05
344,Ralph,Kennedy,ralph.kennedy00@outlook.com,+12339385087,Philadelphia,Pennsylvania,United States,Consumer,50,2015-01-02
345,Catherine,Glotzbach,catherine.glotzbach40@yahoo.com,+17583348565,Philadelphia,Pennsylvania,United States,Home Office,30,2016-02-16
346,Rachel,Payne,rachel.payne70@outlook.com,+14373834610,Riverside,California,United States,Corporate,28,2014-02-16
347,Karen,Carlisle,karen.carlisle55@outlook.com,+15630663819,San Francisco,California,United States,Corporate,46,2016-09-20
348,Katherine,Hughes,katherine.hughes60@hotmail.com,+16362218300,Philadelphia,Pennsylvania,United States,Consumer,38,2017-01-07
349,Greg,Hansen,greg.hansen65@outlook.com,+15989487508,Round Rock,Texas,United States,Consumer,44,2015-08-26
350,Scott,Williamson,scott.williamson75@outlook.com,+19202810333,Jackson,Mississippi,United States,Consumer,59,2016-05-21
351,Joseph,Airdo,joseph.airdo70@yahoo.com,+19690130715,Phoenix,Arizona,United States,Consumer,30,2014-05-25
352,Daniel,Lacy,daniel.lacy25@yahoo.com,+15602080228,Oceanside,California,United States,Consumer,46,2015-05-07
353,Lindsay,Williams,lindsay.williams90@outlook.com,+13401777036,San Francisco,California,United States,Corporate,65,2016-11-22
354,Thomas,Brumley,thomas.brumley90@yahoo.com,+17823164760,Fayetteville,Arkansas,United States,Home Office,49,2017-01-24
355,Bryan,Spruell,bryan.spruell00@yahoo.com,+15062777850,New York City,New York,United States,Home Office,30,2016-09-23
356,Robert,Waldorf,robert.waldorf90@yahoo.com,+12374938761,Wilmington,North Carolina,United States,Consumer,52,2016-05-16
357,Tracy,Zic,tracy.zic80@hotmail.com,+15709641319,Louisville,Colorado,United States,Consumer,25,2014-06-06
358,Ann,Steele,ann.steele30@gmail.com,+19408147902,Pasadena,Texas,United States,Home Office,60,2014-05-09
359,Toby,Swindell,toby.swindell40@yahoo.com,+12596313527,Houston,Texas,United States,Consumer,44,2013-11-08
360,Sara,Luxemburg,sara.luxemburg55@outlook.com,+13287426116,Jacksonville,Florida,United States,Home Office,29,2017-09-15
361,Mitch,Willingham,mitch.willingham35@yahoo.com,+13308496151,Virginia Beach,Virginia,United States,Corporate,50,2017-08-27
362,Rob,Dowd,rob.dowd85@hotmail.com,+13890743044,Henderson,Kentucky,United States,Consumer,52,2016-04-26
363,Ryan,Akin,ryan.akin45@hotmail.com,+19451228658,Murrieta,California,United States,Consumer,65,2017-05-29
364,Meg,Tillman,meg.tillman15@hotmail.com,+19801784534,Scottsdale,Arizona,United States,Consumer,50,2016-12-17
365,Vivek,Gonzalez,vivek.gonzalez90@gmail.com,+18277619644,San Diego,California,United States,Consumer,38,2016-04-21
366,John,Stevenson,john.stevenson80@outlook.com,+14890416998,Seattle,Washington,United States,Consumer,33,2015-07-31
367,Kalyca,Meade,kalyca.meade25@outlook.com,+12317677825,New York City,New York,United States,Corporate,63,2015-12-14
368,Hallie,Redmond,hallie.redmond70@gmail.com,+16764705401,Los Angeles,California,United States,Home Office,40,2016-05-07
369,Deanra,Eno,deanra.eno55@gmail.com,+18713980005,Springfield,Ohio,United States,Home Office,50,2015-07-29
370,Allen,Goldenen,allen.goldenen90@yahoo.com,+13914604319,Cincinnati,Ohio,United States,Consumer,50,2016-08-29
371,Jennifer,Jackson,jennifer.jackson45@gmail.com,+14073486033,Los Angeles,California,United States,Consumer,43,2014-05-30
372,Jennifer,Halladay,jennifer.halladay30@yahoo.com,+13496060167,Burlington,North Carolina,United States,Consumer,46,2017-01-06
373,Robert,Dilbeck,robert.dilbeck60@outlook.com,+13495938377,Saint Peters,Missouri,United States,Home Office,31,2014-11-18
374,Mary,O'Rourke,mary.o'rourke00@hotmail.com,+12288511612,New York City,New York,United States,Consumer,27,2016-12-04
375,Noel,Staavos,noel.staavos40@hotmail.com,+14783009621,Chicago,Illinois,United States,Corporate,35,2015-03-12
376,Deirdre,Greer,deirdre.greer00@yahoo.com,+19045803105,Philadelphia,Pennsylvania,United States,Corporate,52,2014-11-19
377,Nicole,Fjeld,nicole.fjeld95@outlook.com,+13670036982,New York City,New York,United States,Home Office,38,2014-05-22
378,Matthew,Grinstein,matthew.grinstein50@yahoo.com,+13571069113,Philadelphia,Pennsylvania,United States,Home Office,37,2017-03-01
379,Theresa,Swint,theresa.swint60@hotmail.com,+14563970187,Toledo,Ohio,United States,Corporate,64,2016-01-12
380,Brian,DeCherney,brian.decherney20@yahoo.com,+19789946495,San Francisco,California,United States,Consumer,44,2015-10-29
381,Charles,McCrossin,charles.mccrossin60@yahoo.com,+13345122542,Brownsville,Texas,United States,Consumer,40,2016-07-28
382,Skye,Norling,skye.norling60@outlook.com,+18091290571,Los Angeles,California,United States,Home Office,33,2014-12-23
383,Erica,Hernandez,erica.hernandez05@yahoo.com,+18385199957,Denver,Colorado,United States,Home Office,59,2016-12-07
384,Frank,Olsen,frank.olsen05@yahoo.com,+14102996505,New York City,New York,United States,Consumer,33,2016-08-12
385,Maurice,Satty,maurice.satty10@gmail.com,+15717389692,Mesa,Arizona,United States,Consumer,25,2015-12-24
386,Chad,Cunningham,chad.cunningham00@outlook.com,+18052185947,Columbus,Indiana,United States,Home Office,56,2014-09-29
387,Don,Weiss,don.weiss40@outlook.com,+12718348264,Seattle,Washington,United States,Consumer,61,2015-11-29
388,Bill,Tyler,bill.tyler95@hotmail.com,+12140424329,Detroit,Michigan,United States,Corporate,39,2014-05-29
389,Craig,Yedwab,craig.yedwab45@gmail.com,+17445541385,Oakland,California,United States,Corporate,59,2017-03-31
390,Brad,Thomas,brad.thomas85@yahoo.com,+17573617420,Clinton,Maryland,United States,Home Office,27,2015-02-03
391,Penelope,Sewall,penelope.sewall45@gmail.com,+18180758153,Charlotte,North Carolina,United States,Home Office,32,2016-02-17
392,Paul,Van Hugh,paul.vanhugh85@outlook.com,+17007852924,San Francisco,California,United States,Home Office,33,2017-01-30
393,Neoma,Murray,neoma.murray20@hotmail.com,+18858451538,Riverside,California,United States,Consumer,35,2015-05-21
394,Dionis,Lloyd,dionis.lloyd95@gmail.com,+16262695885,San Francisco,California,United States,Corporate,33,2015-11-28
395,Christine,Sundaresam,christine.sundaresam55@yahoo.com,+16923078107,Roswell,Georgia,United States,Consumer,45,2017-04-19
396,Frank,Hawley,frank.hawley75@gmail.com,+19933523253,La Porte,Indiana,United States,Corporate,30,2013-10-25
397,Nat,Carroll,nat.carroll40@yahoo.com,+16158080605,Lansing,Michigan,United States,Consumer,38,2016-03-14
398,Alex,Avila,alex.avila15@gmail.com,+16828561891,Minneapolis,Minnesota,United States,Consumer,35,2015-01-12
399,Larry,Tron,larry.tron65@outlook.com,+17163917358,Escondido,California,United States,Consumer,33,2017-01-15
400,Anne,Pryor,anne.pryor20@hotmail.com,+16695859475,New York City,New York,United States,Home Office,48,2015-12-29
401,Paul,MacIntyre,paul.macintyre40@yahoo.com,+12222424647,Jackson,Michigan,United States,Consumer,65,2014-12-01
402,Alyssa,Tate,alyssa.tate35@yahoo.com,+13645272822,Los Angeles,California,United States,Home Office,31,2014-04-04
403,Cathy,Armstrong,cathy.armstrong55@yahoo.com,+19050515852,Houston,Texas,United States,Home Office,34,2015-12-07
404,Harold,Ryan,harold.ryan30@yahoo.com,+15950915172,Seattle,Washington,United States,Corporate,64,2014-03-18
405,Bradley,Talbott,bradley.talbott30@gmail.com,+15850837385,Los Angeles,California,United States,Home Office,33,2015-12-10
406,Larry,Hughes,larry.hughes50@hotmail.com,+19640616463,Charlotte,North Carolina,United States,Consumer,26,2016-12-06
407,Steven,Ward,steven.ward55@yahoo.com,+18518682864,New York City,New York,United States,Corporate,57,2013-12-17
408,Stefania,Perrino,stefania.perrino20@gmail.com,+19661369515,Philadelphia,Pennsylvania,United States,Corporate,40,2014-09-06
409,Ben,Ferrer,ben.ferrer70@gmail.com,+18563940541,Los Angeles,California,United States,Home Office,25,2015-12-20
410,Kean,Thornton,kean.thornton80@outlook.com,+15308701294,Buffalo,New York,United States,Consumer,26,2014-11-13
411,Brooke,Gillingham,brooke.gillingham95@gmail.com,+15962447893,Cincinnati,Ohio,United States,Corporate,50,2014-06-21
412,Greg,Matthias,greg.matthias80@outlook.com,+16648992056,Seattle,Washington,United States,Consumer,59,2016-07-13
413,Eva,Jacobs,eva.jacobs55@outlook.com,+18813695718,Gulfport,Mississippi,United States,Consumer,29,2017-05-08
414,Nora,Preis,nora.preis00@yahoo.com,+12248704157,Fresno,California,United States,Consumer,30,2016-03-09
415,Mick,Hernandez,mick.hernandez15@yahoo.com,+15012917912,Chester,Pennsylvania,United States,Home Office,35,2016-12-08
416,Jocasta,Rupert,jocasta.rupert00@hotmail.com,+19442902745,Jacksonville,Florida,United States,Consumer,32,2017-02-02
417,Suzanne,McNair,suzanne.mcnair50@outlook.com,+17463115065,Greenville,North Carolina,United States,Corporate,29,2016-05-22
418,Chris,Cortes,chris.cortes20@outlook.com,+14193791472,La Porte,Indiana,United States,Consumer,28,2016-03-02
419,Phillip,Flathmann,phillip.flathmann25@hotmail.com,+12675641216,San Francisco,California,United States,Consumer,31,2016-04-11
420,Dan,Campbell,dan.campbell50@gmail.com,+13050340486,Florence,Alabama,United States,Consumer,55,2017-04-27
421,Bryan,Davis,bryan.davis70@outlook.com,+12964285941,Houston,Texas,United States,Consumer,40,2016-08-25
422,Gene,McClure,gene.mcclure00@hotmail.com,+19617242506,Providence,Rhode Island,United States,Consumer,44,2015-05-04
423,Todd,Boyes,todd.boyes55@hotmail.com,+18716498799,New York City,New York,United States,Corporate,44,2015-05-12
424,Justin,Hirsh,justin.hirsh80@yahoo.com,+12646677686,Pueblo,Colorado,United States,Consumer,51,2015-09-08
425,Erica,Bern,erica.bern75@hotmail.com,+19026316688,Fairfield,California,United States,Corporate,25,2015-06-22
426,Quincy,Jones,quincy.jones55@outlook.com,+19941420226,Saint Paul,Minnesota,United States,Corporate,44,2016-01-25
427,Tracy,Collins,tracy.collins35@gmail.com,+16483517494,Arlington,Virginia,United States,Home Office,39,2015-11-29
428,Chuck,Sachs,chuck.sachs60@outlook.com,+16659620414,Columbus,Georgia,United States,Consumer,31,2017-06-22
429,Henry,Goldwyn,henry.goldwyn65@hotmail.com,+13366047498,Los Angeles,California,United States,Corporate,42,2015-10-04
430,Laurel,Workman,laurel.workman25@yahoo.com,+12453796587,Deltona,Florida,United States,Corporate,53,2017-05-19
431,Matt,Collins,matt.collins75@gmail.com,+14301778419,Cincinnati,Ohio,United States,Consumer,38,2015-02-01
432,Liz,Preis,liz.preis95@gmail.com,+12388354759,Murray,Kentucky,United States,Consumer,44,2016-03-26
433,Evan,Bailliet,evan.bailliet70@yahoo.com,+19885236767,Wilmington,North Carolina,United States,Consumer,45,2013-10-21
434,George,Zrebassa,george.zrebassa45@yahoo.com,+16159246365,Lawrence,Massachusetts,United States,Corporate,50,2016-09-06
435,Cathy,Prescott,cathy.prescott85@outlook.com,+18682770498,Norwich,Connecticut,United States,Corporate,60,2016-05-23
436,Frank,Gastineau,frank.gastineau60@yahoo.com,+12521637779,San Francisco,California,United States,Home Office,28,2017-03-21
437,Lisa,DeCherney,lisa.decherney05@yahoo.com,+15537650376,San Francisco,California,United States,Consumer,48,2016-07-16
438,Alejandro,Ballentine,alejandro.ballentine55@gmail.com,+18796028962,Lorain,Ohio,United States,Home Office,41,2016-01-12
439,Michael,Nguyen,michael.nguyen35@yahoo.com,+18199490323,Dallas,Texas,United States,Consumer,33,2017-08-30
440,Jim,Radford,jim.radford70@outlook.com,+12217487269,Middletown,Connecticut,United States,Consumer,61,2015-06-07
441,Jamie,Frazer,jamie.frazer90@outlook.com,+14130846652,Los Angeles,California,United States,Consumer,49,2016-06-11
442,Chad,McGuire,chad.mcguire15@yahoo.com,+15901136913,New York City,New York,United States,Consumer,42,2016-10-22
443,Aaron,Smayling,aaron.smayling45@yahoo.com,+14780039555,Jacksonville,North Carolina,United States,Corporate,56,2016-03-03
444,Beth,Paige,beth.paige90@gmail.com,+16249456160,Evanston,Illinois,United States,Consumer,47,2016-08-16
445,Natalie,DeCherney,natalie.decherney70@yahoo.com,+16420824689,Louisville,Kentucky,United States,Consumer,42,2013-07-05
446,Larry,Blacks,larry.blacks35@hotmail.com,+19588529336,Fort Worth,Texas,United States,Consumer,39,2017-05-10
447,Kean,Takahito,kean.takahito65@yahoo.com,+17439692047,Los Angeles,California,United States,Consumer,28,2015-10-04
448,Harry,Marie,harry.marie60@outlook.com,+17818841583,Philadelphia,Pennsylvania,United States,Corporate,36,2017-08-04
449,Ann,Blume,ann.blume00@hotmail.com,+16416113572,Tucson,Arizona,United States,Corporate,47,2016-11-18
450,Sam,Zeldin,sam.zeldin35@outlook.com,+14328407443,Pico Rivera,California,United States,Home Office,36,2016-06-07
451,Michael,Granlund,michael.granlund90@gmail.com,+14261079164,Clinton,Maryland,United States,Home Office,25,2016-04-10
452,Julie,Kriz,julie.kriz20@gmail.com,+19930575030,Aurora,Illinois,United States,Home Office,48,2014-10-21
453,Paul,Prost,paul.prost55@outlook.com,+14516922421,Smyrna,Georgia,United States,Home Office,46,2016-01-31
454,Yana,Sorensen,yana.sorensen80@outlook.com,+14788208029,Burlington,North Carolina,United States,Corporate,36,2014-01-20
455,Katherine,Murray,katherine.murray75@hotmail.com,+12546957087,Salem,Virginia,United States,Home Office,25,2016-06-29
456,Adrian,Barton,adrian.barton05@gmail.com,+16023043447,Phoenix,Arizona,United States,Consumer,34,2017-04-08
457,Helen,Abelman,helen.abelman05@hotmail.com,+13918260963,New York City,New York,United States,Consumer,41,2017-06-11
458,Beth,Thompson,beth.thompson05@gmail.com,+13505305132,Costa Mesa,California,United States,Home Office,31,2016-08-16
459,Stuart,Van,stuart.van15@outlook.com,+16162260671,Houston,Texas,United States,Corporate,51,2017-01-10
460,Rick,Wilson,rick.wilson40@outlook.com,+16730599627,Mesa,Arizona,United States,Corporate,55,2014-07-09
461,Damala,Kotsonis,damala.kotsonis35@yahoo.com,+12698604397,Salinas,California,United States,Corporate,29,2017-04-02
462,Shui,Tom,shui.tom30@gmail.com,+17746453984,Parma,Ohio,United States,Consumer,64,2014-04-19
463,Michael,Moore,michael.moore20@yahoo.com,+16185009345,San Francisco,California,United States,Consumer,51,2014-06-09
464,Pauline,Webber,pauline.webber30@hotmail.com,+14837246354,Richmond,Kentucky,United States,Corporate,44,2016-06-25
465,Shaun,Chance,shaun.chance40@outlook.com,+18750699929,Aurora,Colorado,United States,Corporate,56,2015-06-07
466,Thais,Sissman,thais.sissman85@outlook.com,+15623960580,Phoenix,Arizona,United States,Consumer,44,2016-06-26
467,Mark,Cousins,mark.cousins25@outlook.com,+13138185235,Mobile,Alabama,United States,Corporate,59,2016-10-19
468,Maria,Etezadi,maria.etezadi20@outlook.com,+12191628232,Columbus,Georgia,United States,Home Office,53,2013-10-11
469,Nicole,Hansen,nicole.hansen10@yahoo.com,+19525792628,Irving,Texas,United States,Corporate,31,2015-06-14
470,Mick,Brown,mick.brown85@outlook.com,+19809990927,Vineland,New Jersey,United States,Consumer,51,2013-02-12
471,Keith,Dawkins,keith.dawkins95@yahoo.com,+14045530940,New York City,New York,United States,Corporate,30,2016-07-20
472,Katherine,Nockton,katherine.nockton90@yahoo.com,+16175416378,Los Angeles,California,United States,Corporate,37,2014-12-25
473,Nora,Pelletier,nora.pelletier85@yahoo.com,+19877434396,Niagara Falls,New York,United States,Home Office,41,2014-10-09
474,Cindy,Stewart,cindy.stewart05@outlook.com,+14371054709,Thomasville,North Carolina,United States,Consumer,42,2016-01-02
475,Maxwell,Schwartz,maxwell.schwartz70@gmail.com,+15374751777,New York City,New York,United States,Consumer,59,2015-04-22
476,Corinna,Mitchell,corinna.mitchell55@outlook.com,+14812291645,Los Angeles,California,United States,Home Office,61,2016-11-19
477,Corey-Lock,,corey-lock.40@hotmail.com,+13730759996,Philadelphia,Pennsylvania,United States,Consumer,64,2014-01-28
478,Todd,Sumrall,todd.sumrall70@hotmail.com,+14965734008,New York City,New York,United States,Corporate,28,2014-06-29
479,Jane,Waco,jane.waco20@hotmail.com,+15852720361,Vancouver,Washington,United States,Corporate,26,2017-02-22
480,John,Dryer,john.dryer90@outlook.com,+19981057605,Coppell,Texas,United States,Consumer,31,2014-10-29
481,Pauline,Chand,pauline.chand00@outlook.com,+17202882580,Los Angeles,California,United States,Home Office,51,2014-01-30
482,Andy,Reiter,andy.reiter40@hotmail.com,+15526242854,New York City,New York,United States,Consumer,57,2016-09-07
483,Arianne,Irving,arianne.irving55@yahoo.com,+12142039044,Philadelphia,Pennsylvania,United States,Consumer,28,2016-08-25
484,Tom,Boeckenhauer,tom.boeckenhauer00@outlook.com,+14169501271,Seattle,Washington,United States,Consumer,65,2013-11-06
485,Paul,Lucas,paul.lucas25@outlook.com,+17057683450,Chicago,Illinois,United States,Home Office,55,2013-11-30
486,Gary,Hwang,gary.hwang25@hotmail.com,+16997252926,Tucson,Arizona,United States,Consumer,41,2017-03-18
487,Mike,Pelletier,mike.pelletier75@gmail.com,+18331199275,Laguna Niguel,California,United States,Home Office,33,2017-04-24
488,Jim,Mitchum,jim.mitchum55@gmail.com,+12961084962,Bridgeton,New Jersey,United States,Corporate,63,2017-07-15
489,Carl,Ludwig,carl.ludwig90@hotmail.com,+18115203628,Everett,Massachusetts,United States,Consumer,49,2016-05-11
490,Deborah,Brumfield,deborah.brumfield70@outlook.com,+14510353238,San Diego,California,United States,Home Office,25,2015-02-01
491,Ivan,Gibson,ivan.gibson85@hotmail.com,+15700078247,San Diego,California,United States,Consumer,41,2014-03-21
492,Bobby,Odegard,bobby.odegard25@yahoo.com,+15864126433,Richmond,Kentucky,United States,Consumer,63,2017-02-25
493,Aimee,Bixby,aimee.bixby50@outlook.com,+16284097182,Long Beach,New York,United States,Consumer,41,2015-10-25
494,Julia,West,julia.west75@gmail.com,+18799035037,Philadelphia,Pennsylvania,United States,Consumer,61,2015-04-27
495,Edward,Becker,edward.becker50@outlook.com,+14885653126,Seattle,Washington,United States,Corporate,57,2017-08-19
496,Sheri,Gordon,sheri.gordon70@outlook.com,+16844483189,New York City,New York,United States,Consumer,41,2015-04-05
497,Charlotte,Melton,charlotte.melton90@yahoo.com,+15863714615,Philadelphia,Pennsylvania,United States,Consumer,30,2014-11-07
498,Anthony,Witt,anthony.witt40@hotmail.com,+18286804022,Allen,Texas,United States,Consumer,32,2015-01-12
499,Mick,Crebagga,mick.crebagga00@hotmail.com,+13774282158,El Paso,Texas,United States,Consumer,34,2017-08-19
500,Tonja,Turnell,tonja.turnell60@outlook.com,+16237626298,Aurora,Illinois,United States,Home Office,34,2016-07-04
501,Vivek,Grady,vivek.grady05@yahoo.com,+19564267549,Virginia Beach,Virginia,United States,Corporate,35,2016-10-25
502,Muhammed,Yedwab,muhammed.yedwab95@gmail.com,+16850761658,Grapevine,Texas,United States,Corporate,52,2016-02-07
503,Rick,Duston,rick.duston80@outlook.com,+13646331504,Olympia,Washington,United States,Consumer,27,2017-08-30
504,Dennis,Pardue,dennis.pardue90@yahoo.com,+16371916474,Peoria,Illinois,United States,Home Office,25,2016-07-30
505,Marina,Lichtenstein,marina.lichtenstein95@hotmail.com,+15221721910,Los Angeles,California,United States,Corporate,35,2013-12-07
506,Jenna,Caffey,jenna.caffey85@hotmail.com,+19607459376,Kent,Washington,United States,Consumer,64,2017-03-21
507,James,Galang,james.galang60@gmail.com,+19102018830,Los Angeles,California,United States,Consumer,26,2015-07-02
508,Marc,Crier,marc.crier75@gmail.com,+14350559943,Lafayette,Louisiana,United States,Consumer,55,2015-12-10
509,Natalie,Webber,natalie.webber00@hotmail.com,+18969863361,Tigard,Oregon,United States,Consumer,33,2015-02-11
510,Toby,Braunhardt,toby.braunhardt80@gmail.com,+13214216328,Washington,District of Columbia,United States,Consumer,31,2015-08-31
511,Bill,Stewart,bill.stewart80@yahoo.com,+15341308097,Skokie,Illinois,United States,Corporate,58,2017-06-27
512,Hilary,Holden,hilary.holden10@gmail.com,+15895020135,San Francisco,California,United States,Corporate,61,2017-05-17
513,Christina,DeMoss,christina.demoss80@gmail.com,+19402649356,Seattle,Washington,United States,Consumer,31,2017-06-26
514,Thea,Hendricks,thea.hendricks00@yahoo.com,+15754404646,Los Angeles,California,United States,Consumer,43,2016-05-10
515,Michelle,Moray,michelle.moray55@hotmail.com,+18124602775,Seattle,Washington,United States,Consumer,32,2016-11-03
516,Neola,Schneider,neola.schneider05@yahoo.com,+13411587518,Dallas,Texas,United States,Consumer,53,2016-09-01
517,Robert,Barroso,robert.barroso45@outlook.com,+19258075675,North Las Vegas,Nevada,United States,Corporate,55,2014-08-10
518,Shaun,Weien,shaun.weien55@yahoo.com,+19284994134,Suffolk,Virginia,United States,Consumer,28,2015-10-03
519,Eric,Barreto,eric.barreto30@outlook.com,+17073475460,San Francisco,California,United States,Consumer,49,2016-04-24
520,Pamela,Stobb,pamela.stobb60@yahoo.com,+18369778602,Los Angeles,California,United States,Consumer,56,2015-10-07
521,Herbert,Flentye,herbert.flentye95@yahoo.com,+19171926886,Indianapolis,Indiana,United States,Consumer,46,2016-10-18
522,Henia,Zydlo,henia.zydlo50@gmail.com,+18154034898,Columbus,Ohio,United States,Consumer,40,2016-12-13
523,Cynthia,Delaney,cynthia.delaney90@outlook.com,+13377111768,San Diego,California,United States,Home Office,46,2016-01-12
524,Jamie,Kunitz,jamie.kunitz05@gmail.com,+13971796256,San Francisco,California,United States,Consumer,61,2016-01-21
525,Filia,McAdams,filia.mcadams15@gmail.com,+15507221724,Dublin,Ohio,United States,Corporate,54,2017-04-25
526,Emily,Ducich,emily.ducich85@hotmail.com,+18647280417,San Diego,California,United States,Home Office,48,2015-12-15
527,Dianna,Arnett,dianna.arnett50@yahoo.com,+12805492785,Houston,Texas,United States,Home Office,50,2016-03-06
528,Joni,Wasserman,joni.wasserman55@gmail.com,+15251931664,Oakland,California,United States,Consumer,27,2016-11-28
529,Raymond,Messe,raymond.messe75@gmail.com,+18671056264,Houston,Texas,United States,Consumer,52,2016-09-13
530,Max,Ludwig,max.ludwig55@yahoo.com,+12444760892,Suffolk,Virginia,United States,Home Office,63,2017-03-15
531,Craig,Carroll,craig.carroll85@outlook.com,+15274374218,Greensboro,North Carolina,United States,Consumer,42,2014-09-06
532,Jim,Epp,jim.epp10@hotmail.com,+14948973070,Milwaukee,Wisconsin,United States,Corporate,33,2013-12-23
533,Roy,Phan,roy.phan55@hotmail.com,+15050941750,Kenosha,Wisconsin,United States,Corporate,47,2017-01-09
534,Thomas,Boland,thomas.boland75@hotmail.com,+18109102941,Houston,Texas,United States,Corporate,25,2017-03-13
535,Brad,Eason,brad.eason55@outlook.com,+12624173500,Olathe,Kansas,United States,Home Office,28,2016-05-04
536,Jill,Fjeld,jill.fjeld65@gmail.com,+19261049579,Dallas,Texas,United States,Consumer,43,2013-11-21
537,Phillip,Breyer,phillip.breyer10@outlook.com,+17315432089,Tulsa,Oklahoma,United States,Corporate,43,2014-04-09
538,Brian,Thompson,brian.thompson80@gmail.com,+15194038184,Newark,Ohio,United States,Consumer,37,2015-04-28
539,Janet,Lee,janet.lee35@yahoo.com,+19628492180,Chicago,Illinois,United States,Consumer,37,2015-04-28
540,Cathy,Hwang,cathy.hwang70@hotmail.com,+12558631501,Raleigh,North Carolina,United States,Home Office,62,2015-05-19
541,Neil,Ducich,neil.ducich60@outlook.com,+19343059613,Macon,Georgia,United States,Corporate,34,2013-06-01
542,Barbara,Fisher,barbara.fisher75@gmail.com,+19671920715,Charlotte,North Carolina,United States,Corporate,35,2016-04-15
543,Katharine,Harms,katharine.harms30@hotmail.com,+17245005822,Bowling Green,Kentucky,United States,Corporate,38,2017-04-15
544,Giulietta,Weimer,giulietta.weimer05@outlook.com,+19832682022,Seattle,Washington,United States,Consumer,25,2016-05-24
545,Noah,Childs,noah.childs25@yahoo.com,+17670700107,Aurora,Colorado,United States,Corporate,30,2016-04-03
546,Michelle,Ellison,michelle.ellison10@outlook.com,+19071926312,San Francisco,California,United States,Corporate,29,2014-02-20
547,Benjamin,Patterson,benjamin.patterson30@hotmail.com,+12162720486,Spokane,Washington,United States,Consumer,29,2017-04-23
548,John,Castell,john.castell75@hotmail.com,+13750769451,San Antonio,Texas,United States,Consumer,53,2015-08-10
549,Adam,Shillingsburg,adam.shillingsburg90@yahoo.com,+16880721191,Charlottesville,Virginia,United States,Consumer,50,2015-08-03
550,Amy,Cox,amy.cox50@hotmail.com,+19203901588,Minneapolis,Minnesota,United States,Consumer,48,2017-03-23
551,Michael,Dominguez,michael.dominguez60@hotmail.com,+12909403244,Indianapolis,Indiana,United States,Corporate,57,2017-05-18
552,Duane,Benoit,duane.benoit60@gmail.com,+19951649725,Oceanside,New York,United States,Consumer,60,2015-01-07
553,Erica,Hackney,erica.hackney90@outlook.com,+16086832798,Roswell,Georgia,United States,Consumer,47,2013-02-23
554,Edward,Hooks,edward.hooks65@hotmail.com,+19273347278,Watertown,New York,United States,Corporate,34,2016-10-19
555,Scot,Coram,scot.coram30@yahoo.com,+15374384508,Arlington,Texas,United States,Corporate,52,2016-03-19
556,Joe,Elijah,joe.elijah15@gmail.com,+19785239815,Broomfield,Colorado,United States,Consumer,62,2015-01-07
557,Ann,Chong,ann.chong15@outlook.com,+19103481367,New York City,New York,United States,Corporate,34,2017-03-26
558,Joy,Daniels,joy.daniels15@yahoo.com,+13916502228,Chicago,Illinois,United States,Consumer,36,2013-12-04
559,Christy,Brittain,christy.brittain15@outlook.com,+15942358816,Columbus,Ohio,United States,Consumer,27,2015-07-17
560,Joy,Smith,joy.smith30@hotmail.com,+18819028632,Houston,Texas,United States,Consumer,29,2017-07-28
561,Luke,Weiss,luke.weiss15@hotmail.com,+19804972465,Pasadena,California,United States,Consumer,47,2015-12-04
562,Stuart,Calhoun,stuart.calhoun00@gmail.com,+14839444315,Houston,Texas,United States,Consumer,51,2017-07-07
563,Anne,McFarland,anne.mcfarland05@outlook.com,+14900088306,Auburn,Alabama,United States,Consumer,55,2014-04-06
564,Rick,Huthwaite,rick.huthwaite10@gmail.com,+16844229666,Providence,Rhode Island,United States,Home Office,62,2013-11-21
565,Carol,Triggs,carol.triggs95@hotmail.com,+16068424407,Rochester,Minnesota,United States,Consumer,38,2016-01-18
566,Matt,Collister,matt.collister90@hotmail.com,+15961471438,Perth Amboy,New Jersey,United States,Corporate,63,2014-07-04
567,Corey,Catlett,corey.catlett10@gmail.com,+12400247855,Philadelphia,Pennsylvania,United States,Corporate,33,2016-01-16
568,Kelly,Andreada,kelly.andreada25@gmail.com,+19623010414,Ontario,California,United States,Consumer,52,2015-04-28
569,Tamara,Chand,tamara.chand80@gmail.com,+19291320337,Seattle,Washington,United States,Corporate,52,2015-11-13
570,Bart,Folk,bart.folk80@gmail.com,+13827463042,Baltimore,Maryland,United States,Consumer,41,2014-10-02
571,Magdelene,Morse,magdelene.morse60@yahoo.com,+19248902922,Wilmington,Delaware,United States,Consumer,45,2016-05-22
572,Adrian,Hane,adrian.hane20@yahoo.com,+17885019883,Tucson,Arizona,United States,Home Office,60,2016-11-19
573,Ben,Wallace,ben.wallace00@outlook.com,+15160161496,Boynton Beach,Florida,United States,Consumer,32,2016-02-16
574,Scot,Wooten,scot.wooten45@gmail.com,+12690364509,Stockton,California,United States,Consumer,65,2016-12-30
575,Brian,Stugart,brian.stugart65@hotmail.com,+19351291057,Philadelphia,Pennsylvania,United States,Consumer,63,2014-12-20
576,Randy,Ferguson,randy.ferguson45@yahoo.com,+19948127487,Dover,New Hampshire,United States,Corporate,58,2016-03-20
577,William,Brown,william.brown50@yahoo.com,+14642220886,Philadelphia,Pennsylvania,United States,Consumer,27,2015-11-13
578,Trudy,Brown,trudy.brown25@gmail.com,+16281297027,Grand Prairie,Texas,United States,Consumer,50,2015-06-30
579,Art,Ferguson,art.ferguson70@yahoo.com,+18248142362,College Station,Texas,United States,Consumer,50,2017-10-08
580,Richard,Bierner,richard.bierner35@yahoo.com,+18043597199,Saint Louis,Missouri,United States,Consumer,31,2013-11-28
581,Karen,Ferguson,karen.ferguson85@hotmail.com,+12290143353,Manteca,California,United States,Home Office,65,2015-06-25
582,John,Huston,john.huston20@outlook.com,+16103607981,Kent,Ohio,United States,Consumer,58,2016-03-17
583,Ivan,Liston,ivan.liston00@outlook.com,+19188477794,San Francisco,California,United States,Consumer,46,2014-10-08
584,Patrick,Bzostek,patrick.bzostek05@hotmail.com,+17080020521,Salt Lake City,Utah,United States,Home Office,37,2016-08-17
585,Rob,Haberlin,rob.haberlin00@yahoo.com,+15586042076,Huntsville,Alabama,United States,Consumer,64,2015-04-15
586,Arthur,Wiediger,arthur.wiediger30@outlook.com,+18349336373,Aurora,Illinois,United States,Home Office,59,2016-01-07
587,Maris,LaWare,maris.laware10@yahoo.com,+18258609304,Fairfield,Connecticut,United States,Consumer,32,2016-10-07
588,Dorothy,Badders,dorothy.badders55@hotmail.com,+17098780900,Jacksonville,Florida,United States,Corporate,41,2014-08-10
589,Matt,Hagelstein,matt.hagelstein20@hotmail.com,+13571632270,San Francisco,California,United States,Corporate,56,2015-05-08
590,Dennis,Kane,dennis.kane75@hotmail.com,+17862965308,Marion,Ohio,United States,Consumer,50,2017-09-10
591,Bobby,Trafton,bobby.trafton40@gmail.com,+15095878831,Littleton,Colorado,United States,Consumer,40,2014-06-05
592,Denny,Blanton,denny.blanton05@outlook.com,+14145756342,La Porte,Indiana,United States,Consumer,65,2016-04-30
593,Toby,Gnade,toby.gnade10@hotmail.com,+13115699872,Los Angeles,California,United States,Consumer,48,2016-08-21
594,Barry,Franz,barry.franz05@outlook.com,+12520711069,Pasadena,California,United States,Home Office,63,2017-10-08
595,Justin,MacKendrick,justin.mackendrick95@yahoo.com,+13222385190,Los Angeles,California,United States,Consumer,45,2015-12-14
596,Maria,Zettner,maria.zettner35@outlook.com,+19006265930,San Diego,California,United States,Home Office,61,2016-01-02
597,Mitch,Webber,mitch.webber20@gmail.com,+12339783148,New York City,New York,United States,Consumer,46,2014-03-14
598,Mark,Van Huff,mark.vanhuff85@hotmail.com,+15051288583,Arlington,Virginia,United States,Consumer,63,2013-10-14
599,Sean,Miller,sean.miller20@outlook.com,+13778069478,Monroe,North Carolina,United States,Home Office,36,2017-02-22
600,Tom,Prescott,tom.prescott15@hotmail.com,+19304437674,Seattle,Washington,United States,Consumer,30,2015-07-11
601,Jim,Karlsson,jim.karlsson25@yahoo.com,+15167938795,Seattle,Washington,United States,Consumer,53,2017-02-11
602,Patrick,Jones,patrick.jones35@hotmail.com,+15711887444,Murfreesboro,Tennessee,United States,Corporate,54,2015-05-10
603,Ricardo,Sperren,ricardo.sperren20@outlook.com,+18543210035,Seattle,Washington,United States,Corporate,65,2016-03-09
604,Susan,Vittorini,susan.vittorini35@hotmail.com,+16334191497,New York City,New York,United States,Consumer,52,2016-04-19
605,Becky,Castell,becky.castell25@yahoo.com,+15422089886,Peoria,Arizona,United States,Home Office,60,2015-09-18
606,Elizabeth,Moffitt,elizabeth.moffitt25@outlook.com,+13695447268,Sioux Falls,South Dakota,United States,Corporate,35,2014-08-30
607,Brendan,Murry,brendan.murry75@hotmail.com,+17517645058,New York City,New York,United States,Corporate,59,2015-02-15
608,Kristina,Nunn,kristina.nunn05@gmail.com,+12783432867,Fort Collins,Colorado,United States,Home Office,43,2015-01-01
609,Kelly,Williams,kelly.williams70@gmail.com,+17093563178,Clarksville,Tennessee,United States,Consumer,31,2015-03-27
610,Scott,Cohen,scott.cohen60@yahoo.com,+17120426910,San Francisco,California,United States,Corporate,41,2014-10-06
611,Christina,VanderZanden,christina.vanderzanden95@yahoo.com,+15411880793,Fresno,California,United States,Consumer,62,2016-05-23
612,Speros,Goranitis,speros.goranitis05@yahoo.com,+17890112408,New York City,New York,United States,Consumer,30,2013-02-27
613,Tamara,Manning,tamara.manning10@hotmail.com,+19754672426,San Francisco,California,United States,Consumer,53,2016-07-13
614,Eleni,McCrary,eleni.mccrary10@gmail.com,+18379324092,Los Angeles,California,United States,Corporate,53,2016-01-31
615,Michelle,Lonsdale,michelle.lonsdale40@outlook.com,+17477476837,Albuquerque,New Mexico,United States,Corporate,63,2016-11-04
616,Clay,Rozendal,clay.rozendal80@gmail.com,+19627509326,Elmhurst,Illinois,United States,Home Office,57,2016-09-28
617,Annie,Zypern,annie.zypern50@outlook.com,+19583770196,New York City,New York,United States,Consumer,34,2015-07-07
618,Pierre,Wener,pierre.wener40@yahoo.com,+15751622928,Louisville,Colorado,United States,Consumer,37,2013-12-23
619,Shahid,Collister,shahid.collister80@gmail.com,+17845132892,Seattle,Washington,United States,Consumer,51,2017-08-31
620,Carlos,Meador,carlos.meador35@hotmail.com,+16629697161,Fayetteville,North Carolina,United States,Consumer,38,2015-11-17
621,Greg,Maxwell,greg.maxwell95@yahoo.com,+18743217482,Los Angeles,California,United States,Corporate,36,2013-04-26
622,Tim,Brockman,tim.brockman50@hotmail.com,+14824077950,New York City,New York,United States,Consumer,59,2016-11-14
623,John,Murray,john.murray65@hotmail.com,+18065968237,Jamestown,New York,United States,Consumer,65,2014-01-22
624,Sonia,Cooley,sonia.cooley75@yahoo.com,+17905850929,Mishawaka,Indiana,United States,Consumer,60,2015-02-10
625,Luke,Schmidt,luke.schmidt00@yahoo.com,+13296400037,Skokie,Illinois,United States,Corporate,44,2014-06-28
626,Ralph,Ritter,ralph.ritter15@hotmail.com,+16388173982,San Francisco,California,United States,Consumer,42,2016-07-08
627,Daniel,Byrd,daniel.byrd10@outlook.com,+18739082572,Tampa,Florida,United States,Home Office,38,2014-05-20
628,Thomas,Thornton,thomas.thornton20@outlook.com,+16632025130,Houston,Texas,United States,Consumer,28,2014-11-27
629,Lori,Olson,lori.olson70@gmail.com,+19017491671,La Quinta,California,United States,Corporate,65,2017-06-29
630,Ken,Dana,ken.dana15@yahoo.com,+12657978181,Scottsdale,Arizona,United States,Corporate,50,2016-11-14
631,Nicole,Brennan,nicole.brennan80@gmail.com,+12953850512,Philadelphia,Pennsylvania,United States,Corporate,43,2014-09-07
632,Brian,Derr,brian.derr35@outlook.com,+13819093035,Bowling Green,Kentucky,United States,Consumer,47,2013-10-08
633,Chris,McAfee,chris.mcafee35@outlook.com,+16487714902,Carrollton,Texas,United States,Consumer,39,2016-02-18
634,Edward,Nazzal,edward.nazzal80@gmail.com,+17912480621,New York City,New York,United States,Consumer,58,2016-12-17
635,Kean,Nguyen,kean.nguyen50@hotmail.com,+17156950293,Jacksonville,Florida,United States,Corporate,64,2017-04-23
636,Bill,Overfelt,bill.overfelt50@hotmail.com,+15712064103,Los Angeles,California,United States,Corporate,26,2015-10-20
637,Aleksandra,Gannaway,aleksandra.gannaway00@outlook.com,+17287828937,Los Angeles,California,United States,Corporate,49,2015-09-02
638,Matthew,Clasen,matthew.clasen35@yahoo.com,+18445246187,Saint Louis,Missouri,United States,Corporate,54,2014-04-06
639,Tom,Ashbrook,tom.ashbrook85@gmail.com,+17357508416,New York City,New York,United States,Home Office,58,2016-12-03
640,Jason,Fortune-,jason.fortune-95@hotmail.com,+17309459018,Seattle,Washington,United States,Consumer,57,2016-03-16
641,Tim,Taslimi,tim.taslimi65@gmail.com,+16076423980,Los Angeles,California,United States,Corporate,39,2016-02-07
642,Sarah,Bern,sarah.bern70@yahoo.com,+16672044000,New York City,New York,United States,Consumer,49,2016-06-29
643,Craig,Leslie,craig.leslie00@yahoo.com,+19113461197,Springfield,Missouri,United States,Home Office,61,2016-05-01
644,Hunter,Glantz,hunter.glantz25@gmail.com,+12790854733,Amarillo,Texas,United States,Consumer,34,2016-06-23
645,Nancy,Lomonaco,nancy.lomonaco10@hotmail.com,+18073256207,Los Angeles,California,United States,Home Office,51,2014-04-09
646,Rick,Reed,rick.reed25@hotmail.com,+16947617866,Lowell,Massachusetts,United States,Corporate,37,2015-08-14
647,Toby,Carlisle,toby.carlisle95@hotmail.com,+18896018856,San Diego,California,United States,Consumer,64,2014-07-27
648,Stewart,Visinsky,stewart.visinsky85@hotmail.com,+16636311651,Pueblo,Colorado,United States,Consumer,55,2015-04-14
649,Bobby,Elias,bobby.elias10@outlook.com,+18033856822,Lancaster,Ohio,United States,Consumer,27,2016-06-24
650,Steve,Carroll,steve.carroll80@outlook.com,+12715054503,Columbus,Georgia,United States,Home Office,43,2014-07-24
651,David,Flashing,david.flashing35@yahoo.com,+13688208703,Vallejo,California,United States,Consumer,45,2015-05-25
652,Fred,Harton,fred.harton50@outlook.com,+12387318705,Seattle,Washington,United States,Consumer,45,2015-07-22
653,MaryBeth,Skach,marybeth.skach30@yahoo.com,+17921379624,San Diego,California,United States,Consumer,49,2016-01-11
654,Ritsa,Hightower,ritsa.hightower55@outlook.com,+13323117098,Tallahassee,Florida,United States,Consumer,53,2015-09-19
655,George,Ashbrook,george.ashbrook15@outlook.com,+18629286981,San Francisco,California,United States,Consumer,25,2016-07-23
656,Julie,Prescott,julie.prescott35@outlook.com,+13948791953,Columbus,Georgia,United States,Home Office,53,2016-05-24
657,Dean,percer,dean.percer40@gmail.com,+17346002345,Murray,Utah,United States,Home Office,60,2015-05-25
658,Michael,Oakman,michael.oakman50@hotmail.com,+17717078574,Dallas,Texas,United States,Consumer,30,2014-11-21
659,Denise,Leinenbach,denise.leinenbach30@hotmail.com,+18551505419,Las Cruces,New Mexico,United States,Consumer,64,2016-06-04
660,Michelle,Huthwaite,michelle.huthwaite25@outlook.com,+15470249239,Seattle,Washington,United States,Consumer,64,2017-03-18
661,Daniel,Raglin,daniel.raglin40@gmail.com,+19462369848,Franklin,Massachusetts,United States,Home Office,38,2015-10-09
662,Darrin,Martin,darrin.martin15@outlook.com,+12195387472,Encinitas,California,United States,Consumer,47,2016-11-03
663,Carol,Adams,carol.adams65@hotmail.com,+17995986207,Hoover,Alabama,United States,Corporate,61,2013-11-16
664,Anna,Chung,anna.chung60@outlook.com,+18601225329,Huntsville,Texas,United States,Consumer,46,2014-03-26
665,Denise,Monton,denise.monton45@gmail.com,+17189447806,Roswell,Georgia,United States,Corporate,46,2014-02-24
666,Vicky,Freymann,vicky.freymann15@gmail.com,+17751615821,Columbus,Indiana,United States,Home Office,49,2017-09-30
667,Christopher,Conant,christopher.conant70@gmail.com,+13166072514,Fayetteville,North Carolina,United States,Consumer,30,2017-01-23
668,Beth,Fritzler,beth.fritzler75@outlook.com,+12661759010,Tucson,Arizona,United States,Corporate,46,2017-05-26
669,Harry,Greene,harry.greene45@gmail.com,+18775567885,Lake Charles,Louisiana,United States,Consumer,44,2017-08-30
670,Becky,Pak,becky.pak55@gmail.com,+19540858487,Columbus,Georgia,United States,Consumer,54,2016-10-27
671,Eugene,Moren,eugene.moren40@gmail.com,+14041545544,Glendale,Arizona,United States,Home Office,47,2017-09-12
672,Michelle,Arnett,michelle.arnett95@yahoo.com,+14181627202,Watertown,New York,United States,Home Office,50,2013-12-02
673,Andy,Yotov,andy.yotov55@outlook.com,+17319640358,Oceanside,California,United States,Corporate,40,2017-10-17
674,Giulietta,Baptist,giulietta.baptist75@gmail.com,+18838288579,Philadelphia,Pennsylvania,United States,Consumer,54,2016-06-21
675,Julia,Barnett,julia.barnett45@outlook.com,+13406207691,Columbus,Georgia,United States,Home Office,28,2017-10-06
676,Michael,Grace,michael.grace75@outlook.com,+19377857100,New York City,New York,United States,Home Office,47,2013-10-30
677,Sharelle,Roach,sharelle.roach25@hotmail.com,+16766117975,Louisville,Colorado,United States,Home Office,43,2017-10-03
678,Joy,Bell-,joy.bell-00@yahoo.com,+14845362401,Brownsville,Texas,United States,Consumer,55,2015-03-16
679,Dario,Medina,dario.medina55@yahoo.com,+19393095700,Lincoln Park,Michigan,United States,Corporate,56,2014-11-03
680,Tony,Chapman,tony.chapman75@hotmail.com,+18059502254,Columbus,Georgia,United States,Home Office,59,2015-10-18
681,Sean,Wendt,sean.wendt50@hotmail.com,+16781004555,Detroit,Michigan,United States,Home Office,55,2015-10-03
682,Richard,Eichhorn,richard.eichhorn50@gmail.com,+13053260431,Dallas,Texas,United States,Consumer,65,2015-05-15
683,Benjamin,Farhat,benjamin.farhat15@hotmail.com,+14632982968,Albuquerque,New Mexico,United States,Home Office,46,2017-04-23
684,Katrina,Bavinger,katrina.bavinger05@hotmail.com,+16558754567,Apple Valley,California,United States,Home Office,55,2015-10-07
685,Jason,Gross,jason.gross10@yahoo.com,+14831051904,Providence,Rhode Island,United States,Corporate,48,2017-01-08
686,Erin,Creighton,erin.creighton50@gmail.com,+17767488195,New York City,New York,United States,Consumer,30,2016-12-24
687,Eugene,Barchas,eugene.barchas10@gmail.com,+14758490418,Philadelphia,Pennsylvania,United States,Consumer,32,2015-04-05
688,Jennifer,Patt,jennifer.patt60@yahoo.com,+17926199289,Oceanside,New York,United States,Corporate,49,2015-07-29
689,Cari,Sayre,cari.sayre45@hotmail.com,+18149473524,Seattle,Washington,United States,Corporate,42,2014-08-18
690,Gary,Hansen,gary.hansen10@hotmail.com,+19205744631,Glendale,Arizona,United States,Home Office,36,2017-06-12
691,Pete,Takahito,pete.takahito90@gmail.com,+14944198153,Houston,Texas,United States,Consumer,47,2016-10-30
692,Jack,Lebron,jack.lebron30@gmail.com,+13644109210,Houston,Texas,United States,Consumer,46,2017-01-09
693,Aaron,Hawkins,aaron.hawkins30@outlook.com,+17232930161,Philadelphia,Pennsylvania,United States,Corporate,31,2014-01-13
694,Cindy,Chapman,cindy.chapman75@hotmail.com,+17727079960,New York City,New York,United States,Consumer,44,2016-06-06
695,David,Wiener,david.wiener95@gmail.com,+17864156626,Houston,Texas,United States,Corporate,46,2013-03-20
696,Sarah,Jordon,sarah.jordon15@outlook.com,+14837831301,Grand Prairie,Texas,United States,Consumer,44,2017-07-13
697,Bruce,Geld,bruce.geld40@yahoo.com,+12601050402,Philadelphia,Pennsylvania,United States,Consumer,37,2017-04-11
698,Laurel,Beltran,laurel.beltran95@outlook.com,+12070516000,Highland Park,Illinois,United States,Home Office,46,2016-07-19
699,Candace,McMahon,candace.mcmahon15@gmail.com,+13741642976,Pasadena,Texas,United States,Corporate,38,2014-07-28
700,Evan,Henry,evan.henry85@gmail.com,+16453355677,Decatur,Alabama,United States,Consumer,34,2013-11-22
701,Tony,Sayre,tony.sayre05@gmail.com,+17065539646,Columbia,Tennessee,United States,Consumer,30,2017-03-31
702,Patrick,Ryan,patrick.ryan80@hotmail.com,+14246640975,Oakland,California,United States,Consumer,51,2017-01-05
703,Liz,Carlisle,liz.carlisle50@yahoo.com,+19173207969,Mission Viejo,California,United States,Consumer,27,2013-10-03
704,Cindy,Schnelling,cindy.schnelling90@gmail.com,+18378290127,Conroe,Texas,United States,Corporate,32,2014-05-02
705,Dave,Hallsten,dave.hallsten75@outlook.com,+12764765165,Richmond,Kentucky,United States,Corporate,48,2014-07-24
706,Jack,O'Briant,jack.o'briant45@gmail.com,+18089283737,Philadelphia,Pennsylvania,United States,Corporate,27,2016-04-02
707,Anna,Häberlin,anna.häberlin90@outlook.com,+14281150458,New York City,New York,United States,Corporate,55,2016-06-20
708,Heather,Jas,heather.jas75@yahoo.com,+13741009563,Jacksonville,Florida,United States,Home Office,48,2016-03-05
709,Mark,Hamilton,mark.hamilton55@gmail.com,+13273844284,Jacksonville,North Carolina,United States,Consumer,42,2017-08-22
710,Russell,D'Ascenzo,russell.d'ascenzo30@yahoo.com,+13376381611,Austin,Texas,United States,Consumer,42,2013-10-20
711,Sam,Craven,sam.craven20@hotmail.com,+13482736884,Plano,Texas,United States,Consumer,56,2014-09-22
712,Stephanie,Ulpright,stephanie.ulpright65@gmail.com,+12707665514,Jackson,Mississippi,United States,Home Office,32,2017-02-08
713,Fred,Chung,fred.chung35@yahoo.com,+19352177310,Mesquite,Texas,United States,Corporate,43,2014-07-11
714,Randy,Bradley,randy.bradley30@hotmail.com,+19534066942,Philadelphia,Pennsylvania,United States,Consumer,61,2017-04-17
715,Nick,Crebassa,nick.crebassa35@gmail.com,+13323202998,Dallas,Texas,United States,Corporate,50,2017-05-15
716,Darren,Budd,darren.budd70@gmail.com,+13550761818,Los Angeles,California,United States,Corporate,34,2014-08-19
717,Maureen,Fritzler,maureen.fritzler65@gmail.com,+16807591661,Toledo,Ohio,United States,Corporate,42,2015-06-15
718,Roland,Murray,roland.murray50@yahoo.com,+14335226700,New York City,New York,United States,Consumer,45,2016-11-04
719,Vivian,Mathis,vivian.mathis35@hotmail.com,+19238925642,Newark,Delaware,United States,Consumer,48,2015-04-20
720,Ed,Jacobs,ed.jacobs20@gmail.com,+15360257078,San Diego,California,United States,Consumer,63,2013-04-07
721,Nathan,Cano,nathan.cano15@hotmail.com,+13493946566,Jacksonville,North Carolina,United States,Consumer,35,2016-06-21
722,Lycoris,Saunders,lycoris.saunders30@yahoo.com,+18183317652,Dover,Delaware,United States,Consumer,31,2013-10-17
723,Katrina,Edelman,katrina.edelman20@gmail.com,+14232212989,Bristol,Tennessee,United States,Corporate,56,2017-02-02
724,Duane,Huffman,duane.huffman75@outlook.com,+17265086282,Quincy,Massachusetts,United States,Home Office,51,2015-07-10
725,Peter,Fuller,peter.fuller20@hotmail.com,+19543263685,Gilbert,Arizona,United States,Consumer,50,2014-05-04
726,Valerie,Takahito,valerie.takahito00@hotmail.com,+14843668785,Philadelphia,Pennsylvania,United States,Home Office,56,2014-12-17
727,Maureen,Gnade,maureen.gnade95@gmail.com,+13680985022,Buffalo,New York,United States,Consumer,56,2014-01-17
728,Susan,Pistek,susan.pistek20@outlook.com,+18734720903,Los Angeles,California,United States,Consumer,51,2017-04-02
729,Charles,Sheldon,charles.sheldon75@gmail.com,+19904373987,Columbia,Tennessee,United States,Corporate,59,2015-07-30
730,Dana,Kaydos,dana.kaydos95@gmail.com,+14542039357,Kenosha,Wisconsin,United States,Consumer,42,2017-01-09
731,Khloe,Miller,khloe.miller60@outlook.com,+19144492111,Roswell,Georgia,United States,Consumer,45,2015-04-25
732,Anna,Andreadi,anna.andreadi45@outlook.com,+17445743437,Chester,Pennsylvania,United States,Consumer,65,2015-03-03
733,Dorothy,Dickinson,dorothy.dickinson70@yahoo.com,+16017942310,Houston,Texas,United States,Consumer,38,2017-08-22
734,Amy,Hunt,amy.hunt65@hotmail.com,+15081149490,New York City,New York,United States,Consumer,31,2014-03-10
735,Tracy,Poddar,tracy.poddar65@outlook.com,+18881035557,Aurora,Colorado,United States,Corporate,60,2016-11-12
736,Eileen,Kiefer,eileen.kiefer95@hotmail.com,+17642392190,Santa Ana,California,United States,Home Office,30,2017-04-27
737,Cyra,Reiten,cyra.reiten20@outlook.com,+12573420239,New York City,New York,United States,Home Office,36,2014-08-21
738,Susan,Gilcrest,susan.gilcrest90@yahoo.com,+17985011919,Mcallen,Texas,United States,Corporate,49,2013-08-25
739,Angele,Hood,angele.hood85@outlook.com,+19848010984,Chicago,Illinois,United States,Consumer,56,2014-07-16
740,Neil,Französisch,neil.französisch75@yahoo.com,+15063754568,Rockford,Illinois,United States,Home Office,52,2014-05-02
741,Bill,Shonely,bill.shonely65@hotmail.com,+16862926257,New York City,New York,United States,Corporate,60,2015-07-10
742,Stefanie,Holloman,stefanie.holloman35@hotmail.com,+18166608248,Jackson,Tennessee,United States,Corporate,35,2015-07-23
743,Roger,Demir,roger.demir20@yahoo.com,+17202781043,Daytona Beach,Florida,United States,Consumer,28,2014-03-11
744,Alex,Grayson,alex.grayson30@gmail.com,+13282248157,Stockton,California,United States,Consumer,52,2017-10-20
745,Georgia,Rosenberg,georgia.rosenberg60@yahoo.com,+17561258558,San Francisco,California,United States,Corporate,50,2014-04-20
746,Vivek,Sundaresam,vivek.sundaresam20@hotmail.com,+12158987731,Los Angeles,California,United States,Consumer,50,2013-11-08
747,Tony,Molinari,tony.molinari90@outlook.com,+19729889099,Oklahoma City,Oklahoma,United States,Consumer,35,2016-06-28
748,Tom,Stivers,tom.stivers30@yahoo.com,+14705512079,Los Angeles,California,United States,Corporate,38,2013-12-14
749,Dennis,Bolton,dennis.bolton60@hotmail.com,+13800902537,New York City,New York,United States,Home Office,60,2014-08-31
750,Nick,Radford,nick.radford50@yahoo.com,+13504686545,Aurora,Illinois,United States,Consumer,43,2015-12-26
751,Cari,Schnelling,cari.schnelling60@hotmail.com,+16467977787,Jacksonville,North Carolina,United States,Consumer,34,2015-08-04
752,Monica,Federle,monica.federle50@outlook.com,+19878945641,Los Angeles,California,United States,Corporate,63,2014-11-12
753,Liz,Willingham,liz.willingham25@gmail.com,+15719242291,Norwich,Connecticut,United States,Consumer,26,2016-04-25
754,Alex,Russell,alex.russell45@outlook.com,+12179495626,Lawrence,Massachusetts,United States,Corporate,54,2014-03-06
755,Karen,Seio,karen.seio00@hotmail.com,+12195355435,Lehi,Utah,United States,Corporate,59,2014-03-01
756,Aaron,Bergman,aaron.bergman15@outlook.com,+18682069952,Seattle,Washington,United States,Consumer,56,2015-12-22
757,Lisa,Ryan,lisa.ryan35@yahoo.com,+16575689038,Philadelphia,Pennsylvania,United States,Corporate,33,2016-09-24
758,Shahid,Shariari,shahid.shariari10@gmail.com,+19271318705,Los Angeles,California,United States,Consumer,59,2014-01-22
759,Jill,Matthias,jill.matthias80@gmail.com,+16662336015,Monroe,North Carolina,United States,Consumer,28,2017-05-13
760,Jason,Klamczynski,jason.klamczynski25@outlook.com,+17298800739,Dallas,Texas,United States,Corporate,62,2015-03-28
761,Don,Miller,don.miller25@outlook.com,+12808908473,Houston,Texas,United States,Corporate,31,2013-07-11
762,Muhammed,Lee,muhammed.lee65@gmail.com,+12737985828,Seattle,Washington,United States,Consumer,51,2015-01-19
763,Marc,Harrigan,marc.harrigan90@outlook.com,+13976563541,Los Angeles,California,United States,Home Office,61,2016-07-08
764,Frank,Carlisle,frank.carlisle45@hotmail.com,+17974687628,Lakewood,Ohio,United States,Home Office,36,2016-04-06
765,Thea,Hudgings,thea.hudgings15@outlook.com,+14992485680,Philadelphia,Pennsylvania,United States,Corporate,65,2017-07-26
766,Juliana,Krohn,juliana.krohn90@gmail.com,+15503079845,Omaha,Nebraska,United States,Consumer,45,2017-01-16
767,Sarah,Brown,sarah.brown85@gmail.com,+13326494754,Concord,New Hampshire,United States,Consumer,52,2014-12-06
768,Barry,Gonzalez,barry.gonzalez35@gmail.com,+18532099180,Monroe,Louisiana,United States,Consumer,51,2016-05-22
769,Barry,Weirich,barry.weirich65@yahoo.com,+17450405135,Raleigh,North Carolina,United States,Consumer,38,2013-06-09
770,Mitch,Gastineau,mitch.gastineau05@gmail.com,+14515332140,Jacksonville,Florida,United States,Corporate,55,2016-08-05
771,Doug,O'Connell,doug.o'connell45@yahoo.com,+13582394360,Los Angeles,California,United States,Consumer,64,2017-04-05
772,Barry,Pond,barry.pond50@gmail.com,+12452988831,Cranston,Rhode Island,United States,Corporate,26,2014-02-02
773,Trudy,Schmidt,trudy.schmidt55@outlook.com,+13052271302,Milwaukee,Wisconsin,United States,Consumer,32,2016-05-24
774,Evan,Minnotte,evan.minnotte00@hotmail.com,+19951917646,Virginia Beach,Virginia,United States,Home Office,27,2015-10-09
775,Anthony,O'Donnell,anthony.o'donnell10@gmail.com,+13066599674,Los Angeles,California,United States,Corporate,27,2015-11-09
776,Mark,Haberlin,mark.haberlin40@hotmail.com,+18715791927,New York City,New York,United States,Corporate,57,2016-11-07
777,Shirley,Schmidt,shirley.schmidt15@yahoo.com,+15026491892,Louisville,Kentucky,United States,Home Office,31,2013-10-06
778,Lela,Donovan,lela.donovan55@yahoo.com,+12188167272,Chicago,Illinois,United States,Corporate,37,2016-04-04
779,Victoria,Pisteka,victoria.pisteka60@yahoo.com,+15508331283,San Francisco,California,United States,Corporate,39,2017-04-05
780,Theresa,Coyne,theresa.coyne45@outlook.com,+15498894110,Lakewood,New Jersey,United States,Corporate,32,2016-11-02
781,Ionia,McGrath,ionia.mcgrath55@gmail.com,+17851456751,Roseville,California,United States,Consumer,55,2013-04-21
782,Anemone,Ratner,anemone.ratner70@gmail.com,+15456273760,Columbus,Georgia,United States,Consumer,34,2015-08-07
783,Craig,Molinari,craig.molinari15@outlook.com,+15515479888,Huntsville,Texas,United States,Corporate,37,2014-02-23
784,Fred,Wasserman,fred.wasserman95@yahoo.com,+12731143355,Huntsville,Alabama,United States,Corporate,29,2016-06-30
785,Lindsay,Castell,lindsay.castell60@hotmail.com,+12433418050,Arlington,Virginia,United States,Home Office,56,2016-01-10
786,Harold,Engle,harold.engle00@gmail.com,+16358956115,Chicago,Illinois,United States,Corporate,40,2015-08-06
787,Brendan,Dodson,brendan.dodson60@outlook.com,+17053983626,Fresno,California,United States,Home Office,62,2017-01-28
788,Harold,Dahlen,harold.dahlen85@hotmail.com,+14453135685,Philadelphia,Pennsylvania,United States,Home Office,53,2015-01-26
789,Carl,Jackson,carl.jackson75@gmail.com,+14812909739,Philadelphia,Pennsylvania,United States,Corporate,58,2016-11-09
790,Roy,Skaria,roy.skaria70@yahoo.com,+15297864575,Burlington,Iowa,United States,Home Office,48,2017-08-07
791,Sung,Chung,sung.chung45@hotmail.com,+13372855402,Arlington Heights,Illinois,United States,Consumer,53,2016-08-28
792,Ricardo,Emerson,ricardo.emerson05@hotmail.com,+14707013363,Kent,Ohio,United States,Consumer,65,2014-06-25
793,Susan,MacKendrick,susan.mackendrick05@hotmail.com,+14553049385,Newark,Ohio,United States,Consumer,33,2015-06-08
